bank_account_id,account_hash,bank_name
BA000000,126e9d06a04f2e7b9118c7a0,TD Bank
BA000001,cfd3e1a0445c99198a6a3c2a,Chase
BA000002,24a2a4a97469595459a35310,Chase
BA000003,b10fbc0a880a52459aa2f4be,TD Bank
BA000004,e142b2175a2d31711e07f3a6,Wells Fargo
BA000005,6e1059121d74540f968423d3,Bank of America
BA000006,1532fab9017bd629a699e83d,Bank of America
BA000007,942177a579d703cb1de28755,Bank of America
BA000008,c46e033f201e8c30eecd9b36,TD Bank
BA000009,47f435c1d6380890dab7cbbf,Chase
BA000010,8353426555b1e057b626212f,TD Bank
BA000011,fbeeb42f8e89b2fe93b56549,TD Bank
BA000012,78bc1d5ebc6cafe8203bf9d6,Capital One
BA000013,736dd964c8486b09b8f2afd6,Chase
BA000014,f0901abde43037df0deae1ac,Capital One
BA000015,d14990009f366af4743d02c9,Citibank
BA000016,243921ee6db668cdf1e4d22e,Chase
BA000017,adeb618a8009769919c021f8,Chase
BA000018,e7f4694b29ec08a7b9351ce7,Chase
BA000019,a18973c39ef00ef4f85dafb7,Bank of America
BA000020,aab078e02998946d4d00b6ef,Bank of America
BA000021,26dfb466b19998e02b8c1ab1,Capital One
BA000022,e01eeba35005144a9e3558a3,Capital One
BA000023,cab206e62148bea1c31abbe6,Chase
BA000024,3b797a11e12c7632298065a6,Capital One
BA000025,41050757a2e4dafd541b4c57,Bank of America
BA000026,abd3981d71d83e970ecb2176,TD Bank
BA000027,bc43824b553b68419a1d3a47,TD Bank
BA000028,b44cb212c45f28466479f34f,TD Bank
BA000029,c1474f71876c649051ca031f,Capital One
BA000030,45d3abfc7fbbdf5e6476b00a,Citibank
BA000031,6497e4859fdb19a5e585797d,Bank of America
BA000032,4acea55c345288da5c54052b,Citibank
BA000033,f467057e3ddf3dae7b8cd089,Capital One
BA000034,08efa05e1bf136ad531203a9,Wells Fargo
BA000035,4e6fef345826d7a4f9dbeefa,PNC
BA000036,fb29c7c7d997fc9460664929,PNC
BA000037,5a6eeb1573b16695a066409c,Chase
BA000038,8e363d01628a661038ad7d00,PNC
BA000039,e0d6802e9097224ace22d971,PNC
BA000040,77a084be97b632b1252fb9b8,Bank of America
BA000041,599dcf84a5021567ef73e315,TD Bank
BA000042,c95432803f3b8f6d928afbe1,Citibank
BA000043,8bb0c2c66a58e2bd5f37203c,Wells Fargo
BA000044,9a6d83d7403587512707a2b3,Wells Fargo
BA000045,34a2e875c95d28440ff68d33,Bank of America
BA000046,8e29483eb3529058556ceeb9,Bank of America
BA000047,a2e515d250ea14a929ab342b,PNC
BA000048,35ee74e51176e9493e2a4839,Wells Fargo
BA000049,bece9eb33e016df93acab37e,Chase
BA000050,e0f5c86e4da1db86a010a28c,Chase
BA000051,9d7eb1072fd1c8e750616215,Citibank
BA000052,90e9574deb9b3fe055f025ec,Chase
BA000053,a257b759b66286d9de4c7a95,Wells Fargo
BA000054,1120130c7bc76d47b5b50a49,PNC
BA000055,58d1da4a1856c98dafc888e7,Wells Fargo
BA000056,0485e20ad4861a0c2b602a00,Capital One
BA000057,4ed251857b03df2410460955,Wells Fargo
BA000058,295ec5224093a81f6d79296e,PNC
BA000059,376650e9770a7b2e027bab38,Chase
BA000060,05efadc0aaf7913ac51c46aa,TD Bank
BA000061,51fe20a3e19077551e2da0e8,Citibank
BA000062,4055180faf3fb3fb5d114105,Capital One
BA000063,27d6614838c86b95acedd928,Chase
BA000064,d39d13bef45a674f8e40908b,Citibank
BA000065,e73a37eed0de3e92fcda8314,Chase
BA000066,e2f279f256c2f73cab4c1835,Capital One
BA000067,45476bd1b83cfacef0b380b4,Wells Fargo
BA000068,472953f2d9a15f6e9841e054,PNC
BA000069,b9a9b9ff9eeabc1ab0722193,TD Bank
BA000070,1516dd38caf262a7baf3c440,Capital One
BA000071,c62c2a2aace4996b913bbe8a,PNC
BA000072,31e3934dafb98ada9993c8e3,Wells Fargo
BA000073,e625f85beb062435975cb19e,Capital One
BA000074,5ef7d78a1133c9fae0c0a080,Bank of America
BA000075,858891c37eb6681d54578f21,TD Bank
BA000076,c03a88d2d783fed8474cd711,Chase
BA000077,5a219e1badefc05f7dba1d52,Chase
BA000078,0dfeb86405d10336cd5d6ea3,TD Bank
BA000079,30cefdd689105a66a929ae68,Bank of America
BA000080,709c2a9b03b932f2d7a50392,PNC
BA000081,67c10223155277f448ddbdc6,Wells Fargo
BA000082,5fa4eba747e2dc944b26957a,Chase
BA000083,029fd7c1247bc2e9c4e72e2f,PNC
BA000084,d6f23e01945319c89e1b3df1,Bank of America
BA000085,01269264fac346e5d96b3847,PNC
BA000086,1cfea60064d93fb3c9eea425,Chase
BA000087,2900c2a63e7cc662b025c619,Citibank
BA000088,c5384033c47689e5d44bae7d,Wells Fargo
BA000089,0d542808760ddc3a44450d4e,Citibank
BA000090,2b3ab9b52a8193784057c11d,TD Bank
BA000091,3bc09786859788ce8517c24d,PNC
BA000092,124fad1e62268f8750ee65c3,Wells Fargo
BA000093,7e3e6293690facb929db28c2,Bank of America
BA000094,ecac4884ab1566912d58304c,Wells Fargo
BA000095,460d99fb0d006df3b5e36acf,Wells Fargo
BA000096,f3fb6b2bc9cc1287d06be86e,Bank of America
BA000097,de7fb151e8309d9f1748bfde,TD Bank
BA000098,0305960a479a75b8faf7ac19,Wells Fargo
BA000099,b2bddc63e594815223c3b48d,TD Bank
BA000100,7c63b8599fb95474fabeecfb,TD Bank
BA000101,e31a4aa6b49eb27da205e423,TD Bank
BA000102,279d84887cb6faa75952b30d,Chase
BA000103,1cc922a69e2059c6a411109c,Capital One
BA000104,94693637d16f73d3c657b10d,TD Bank
BA000105,1fc85f2f1cf14316da62dd68,Bank of America
BA000106,218d7fc32f455d407928f8bd,Capital One
BA000107,a8cbd4ff08415730aad9073d,TD Bank
BA000108,caa5d80c6ac4ec2b73df5240,Bank of America
BA000109,67d8a3cdc56c1825c25d11f2,Bank of America
BA000110,1e724840328868273ca59d13,Citibank
BA000111,bf6ed05b66a8660df9536592,Citibank
BA000112,f9890622deed324905348e30,Wells Fargo
BA000113,55c3fc3c1be6c2b531f16ee2,TD Bank
BA000114,4f68cabf4adf7a542836c31b,TD Bank
BA000115,c2df15da182c6bde493af130,Capital One
BA000116,c6e404e8504767dd0cf50c79,Bank of America
BA000117,1b218175af2134d95a1c6865,TD Bank
BA000118,f499d143397f6c12a973aa60,Wells Fargo
BA000119,b4853afe3657b7fc248ed886,PNC
BA000120,1b010c1b24004577f7a82d52,PNC
BA000121,6ab85d00e5eb08e5960dfeba,PNC
BA000122,19e63c912672dd294ef2d242,Chase
BA000123,e92712f2a86a78afb93ce15c,Bank of America
BA000124,495f412e5fd246ad1d784403,PNC
BA000125,07433cf06cd731cb72938f57,Chase
BA000126,fb680e2531f50d737688f2f1,PNC
BA000127,3404de9bb3a4f9fbeb9ea02f,Wells Fargo
BA000128,4c73e1808f6c59854a1190a7,Citibank
BA000129,b8ff7faf4e08d7c36f2e6244,Wells Fargo
BA000130,430c6b21e777124d76d8950f,Chase
BA000131,67111c79205b30e5385a89b3,Bank of America
BA000132,32d0ad062aa65ce2a6ffa604,Capital One
BA000133,83a6b4c6ad096842005784af,TD Bank
BA000134,24821e692937f3334008ee5a,Wells Fargo
BA000135,256e538a753ab300994f9945,Bank of America
BA000136,bf17d803528b15c150083ace,TD Bank
BA000137,abaacd6119b71016a985b14e,Citibank
BA000138,3c3b44051ba39dc5ae6c14c2,Citibank
BA000139,4902b23b9d121ff0dc10ef21,TD Bank
BA000140,cbc1dd39affea7d2697c5ec1,Citibank
BA000141,d787eb9550088bdf6fd9759c,Bank of America
BA000142,0588ec7e1b177712a30b2c33,Wells Fargo
BA000143,62da87d2bcea92dff807793a,Bank of America
BA000144,3a681370f09aeb8f665892ed,Bank of America
BA000145,a32198392109c86dff61653c,TD Bank
BA000146,869270b9c97c9f9812aabe88,Capital One
BA000147,7671173e3be070c196368487,Capital One
BA000148,8a97f8551a2244ebd2e8b9d6,Wells Fargo
BA000149,06ab362c9baab43c8d7dec72,TD Bank
BA000150,8874ec8cf0b7dca3d6d306c9,Capital One
BA000151,e98ce80a19152766a9f3430a,Citibank
BA000152,2de316be4093c6f0700a7795,Capital One
BA000153,74ce52ab30dbd4d271e228f2,Citibank
BA000154,b23d1ef01c9fc7da919685fe,Wells Fargo
BA000155,51022d29933eef799c7fa929,Bank of America
BA000156,96c2ef6d8c80096e53dd18a8,Bank of America
BA000157,40927130ecfb468fe8f23206,Capital One
BA000158,a48f73baa5f8c3dfac61c8e5,Citibank
BA000159,b5ac39151056089799cf8acd,Chase
BA000160,8234b94f958e483bdace524f,PNC
BA000161,015adc42542bd0d45387aa9a,Chase
BA000162,67c0bc51de4973b6b3b2f6e1,PNC
BA000163,b137fad2950984667d12d1ee,Chase
BA000164,866f264beb60502c908c7500,Bank of America
BA000165,8a25295c59c6c7fe927e9301,TD Bank
BA000166,7eae34cf03a22e25b39feaa6,Bank of America
BA000167,1c8b55f3496cea022f4aeecc,PNC
BA000168,7d7888d7f075df1a2bcf3391,TD Bank
BA000169,7ec94e87ec318a4531beeae3,Citibank
BA000170,f595eaf2ee8c8c570ff470ad,Capital One
BA000171,dde923af03a446d582ae5b17,Chase
BA000172,28959a57cc00456805f9d9ee,Citibank
BA000173,30670920300dd0830c5bfb28,Citibank
BA000174,cb4c0e387e2311a31328f3e9,Capital One
BA000175,61fd5def27063d18c4c98f46,Citibank
BA000176,07ef7716bc042c1c24ed1182,Capital One
BA000177,c32ff095419ed4798b61f168,Wells Fargo
BA000178,618da1c01398a03ab767430c,Capital One
BA000179,28d9b755110764e000ddac30,PNC
BA000180,23ec758435e52207e8bec6b9,Chase
BA000181,5c8722964d19f1e28581c912,TD Bank
BA000182,ef1edc82f0d9c88cc225cff0,TD Bank
BA000183,b651893bcf715e5d63b734c9,Chase
BA000184,151539c1bad6e1463187f2cd,TD Bank
BA000185,c1457e315f19bf4c9ddc7d8d,Capital One
BA000186,d795231e3f86ec227d86c36a,PNC
BA000187,5d4a5b0ef6c890878385d4c4,Wells Fargo
BA000188,d45e4899eae0207c2868f183,PNC
BA000189,6d33805177dbb474a86f10de,TD Bank
BA000190,ede9cfff9f0cd7569a8b1fdb,Wells Fargo
BA000191,1da9e1f46bef71898457c451,Chase
BA000192,7674bc9c68cdd447e0a679e2,Wells Fargo
BA000193,4b156fffc1f4350a18975689,Citibank
BA000194,af21a1d70faebb2bb3aef521,Bank of America
BA000195,26a538ca0e7a91d828d31521,Citibank
BA000196,d744d7c2e4b15e177675c09f,Chase
BA000197,e2901599489481ab6fb6ad7f,TD Bank
BA000198,1a6055fe781e1c6c1c4b3546,TD Bank
BA000199,80ae86aec1cf259e1d8a2f13,Wells Fargo
BA000200,2ecd626a1beb7c133f82edc4,Capital One
BA000201,7986abc39d3e47689b853154,PNC
BA000202,faf69329fb07984c673daea4,Bank of America
BA000203,649439bf29af01600c3e3b4d,Capital One
BA000204,6b540238a3610b48e1779a68,Chase
BA000205,4cbb78cb6f2f4f734467f23b,PNC
BA000206,e504cb450f12a7baea07722d,TD Bank
BA000207,6b8c6262ecb312dcfda3e159,Wells Fargo
BA000208,0e4d181324a3b0dc8980108f,PNC
BA000209,bb005572f095599236c0a0c7,TD Bank
BA000210,ee2858e0637493abf75fae75,Capital One
BA000211,f1a749101794fdd6acfa1c4c,Capital One
BA000212,ff7c9dcec0f679cc0aa2c7be,Bank of America
BA000213,8673966385745c20447b4d6d,Bank of America
BA000214,fd719af7d95c6e1395b9eeb3,Wells Fargo
BA000215,eeed35383b7a745c3c542b90,PNC
BA000216,10539825ac642771346aaabc,Bank of America
BA000217,1d9f98b48618b2390f3f01b4,Capital One
BA000218,f542f59218820087b68efdb7,PNC
BA000219,df3b76e1ccc631f4b805e05e,Capital One
BA000220,a8078636fee481cdb48ba40c,Chase
BA000221,634b41c8cd4a66a20588753f,Capital One
BA000222,b1e25c4c7b1036aaa0dd78cf,Wells Fargo
BA000223,a2f4a72b36608d85d33fe2ee,Citibank
BA000224,557c04dba2bf97772e641e64,Chase
BA000225,9064d7be0cfef7afcdb364e0,Chase
BA000226,0ad8cff7f310db83dd054f6e,Wells Fargo
BA000227,830aa3ab92c5bb587ea8077b,PNC
BA000228,6a9fc4c87e1e46278ba9f25e,PNC
BA000229,e84a78a1ae1969c6ef3af988,Wells Fargo
BA000230,fa2f382e23bbc52c782aa795,Bank of America
BA000231,8e09f1f2c68448389a9fb72f,Chase
BA000232,2a0d4ceaa221d91adfd7a72b,Bank of America
BA000233,7d29838ae7fe5fa47fc44703,Capital One
BA000234,3eae55b1f1dfd77004f975d6,Chase
BA000235,f75c6adb55c5cedf52b48d52,Chase
BA000236,dfcf2bf99e66973d2a138df8,TD Bank
BA000237,a005ef53b253adcb024205b7,Citibank
BA000238,5501f30a4f47b5583644a07a,PNC
BA000239,5a3e9183e00956cb6a49dd94,Chase
BA000240,e84ec0bf00c6810482a2c02d,PNC
BA000241,e3e4fbbd1178b0ebf25cfd8b,Capital One
BA000242,6863fef80f222f9ed02198a1,PNC
BA000243,2c128ea9996f3931ed76da46,Bank of America
BA000244,1b40b53a1c6a055d669127d5,Bank of America
BA000245,340f3299d83124f268c4ad3e,TD Bank
BA000246,6ad3f2e91cc0e66f7762788d,Citibank
BA000247,75d038779a710904b343cc88,Capital One
BA000248,6a40f69ffe317eea723e9d6b,Bank of America
BA000249,44560311c0228db0c6e88ded,Wells Fargo
BA000250,c3d117b0f79d92b8703deaeb,Capital One
BA000251,f4260377e60bbaf3f1b8ea2d,PNC
BA000252,378c4a48f7cd0617afe1ee5a,Capital One
BA000253,48167e29e2cf7f75c156305e,Citibank
BA000254,cb273b23c5d46ad519cdb11e,Bank of America
BA000255,8537d0c3ef9c709cda04e92a,Capital One
BA000256,091e52307b842387272f14dc,PNC
BA000257,750ad767747c4411c07734f4,TD Bank
BA000258,61117da060f3c5a1753fb871,TD Bank
BA000259,3c658534883412937bb2175f,Bank of America
BA000260,7fcbec6c10161a70ccbdcc40,TD Bank
BA000261,c9e3a95c382e595bb7965964,Wells Fargo
BA000262,3e1a4e849bd4f6b1f4840498,Citibank
BA000263,3b2497395ceaf117fbef5a37,TD Bank
BA000264,0c35200a77c1b17f89c2e01b,TD Bank
BA000265,11619e29c275d586ea8664a5,Wells Fargo
BA000266,49d93c67f4a4eed8e7c35133,Citibank
BA000267,9852c287a4457817992bbb0d,Capital One
BA000268,cfb75b352e553e674c15da33,Citibank
BA000269,0ced6141cda64981f098b238,Chase
BA000270,fc4d1995602ad8a033df18ef,Bank of America
BA000271,513b5d161484df135f3dea68,Bank of America
BA000272,3d2480d64cddff82da44ff31,Chase
BA000273,963f11f7085990c883d64df0,Wells Fargo
BA000274,e62667bfed82f833029cfc37,Chase
BA000275,b541f898609b9794c055ca31,Capital One
BA000276,0ec40ee72e5c2d63b7587688,Capital One
BA000277,45d7511b07c0a32898384ad0,Bank of America
BA000278,de537719aef22a5220a9d5f0,Capital One
BA000279,ab6b312f92697405105b76b4,Bank of America
BA000280,498e3ad5c66036746caab49e,Chase
BA000281,88dddfdbb445478334045b82,Chase
BA000282,7289123591218dbec19b2e6c,TD Bank
BA000283,c01f852aea80cf433e23efbe,TD Bank
BA000284,1119cf18653c05c1f62be1be,Chase
BA000285,24e6353aef33e867a2eda733,Bank of America
BA000286,1d3019e60345a6657f0db5b4,Chase
BA000287,d86da154c979d46693e74517,Chase
BA000288,e05699ce4348773bee8e7dc7,PNC
BA000289,7916e358cca590a55b4d5345,Wells Fargo
BA000290,790ee45422149201a433b46e,Chase
BA000291,63acce6a2eea14276d444520,Capital One
BA000292,521b3268412f200d7105b3e7,Bank of America
BA000293,18ce707a8df266da7a72c798,Wells Fargo
BA000294,d53f373ddd98aa1f453637dd,TD Bank
BA000295,616154f9edd59489cfd46bba,Citibank
BA000296,fefeeaed915046e740493739,Bank of America
BA000297,4718c996ce05cd8ccfe12a24,Capital One
BA000298,e432648dcb3616af1442930a,Bank of America
BA000299,e9fb0708c04f564e5e7d60eb,TD Bank
BA000300,80d36f91b2a68cdadebd980b,Capital One
BA000301,7a1111c5a5c5fa622439bd9a,Capital One
BA000302,26aaf7ce783684175ce29b3f,Citibank
BA000303,742c97ea8432e7c623ffde8c,Bank of America
BA000304,f7908087f3e03851dc90fc1f,PNC
BA000305,b29e384c3c82e48377d84cbc,Citibank
BA000306,87689ac83e631abc8bd8e1f0,PNC
BA000307,2dc26d50b5e042d34d9d16e4,Citibank
BA000308,64d10d89ebd3be54a49b3071,Bank of America
BA000309,8e0427eb124734bc23a87583,Chase
BA000310,5f96cc6804dc825e70400eff,Chase
BA000311,078c3cb08feafd50da0a5656,TD Bank
BA000312,004f1c1a9086516ab471f025,Citibank
BA000313,128cf1c62d7237e6a5d42910,Wells Fargo
BA000314,023941794c15f0775d3b4133,Citibank
BA000315,4757a6a60e7bf870f0c3d75a,Citibank
BA000316,738a8fc68600ee84ebf0d763,Citibank
BA000317,226a6b12bf42528ca8a0dd03,PNC
BA000318,66a792834be2befa1b439a27,TD Bank
BA000319,ed3770235cc9b5cc4aef01a8,Chase
BA000320,d2ac7b89718641257f767639,TD Bank
BA000321,cc347aec7fe519b720a2a066,TD Bank
BA000322,2b67e43c6fc74d6a8fe62de4,TD Bank
BA000323,4faf3727f4516c2968e851fe,Chase
BA000324,1608dd8e4f0693280edb791d,Chase
BA000325,234dafc05d92a9f6a196c235,Citibank
BA000326,c515f0bdf2210d22a839afb3,TD Bank
BA000327,064dc7267da2f80472db1067,Wells Fargo
BA000328,c788f530cf2a695b0c0fb7c2,PNC
BA000329,43873c1ee06d0a81dd29f70d,PNC
BA000330,d96efe300fb7ba817fbb9bf2,Chase
BA000331,5650920067cfa7944303ac1d,Bank of America
BA000332,f6c97870caba58ed8bcf6126,Bank of America
BA000333,cdc1afbc10e9caec9a1c62c3,Bank of America
BA000334,0e90bd8b38ddede0d71e7bdb,Capital One
BA000335,66abbf975cca9b5dcb043a21,Citibank
BA000336,aa4e158f22a0f3e4226428c0,Bank of America
BA000337,7ee8111eb80bafa84d3ef2e4,Citibank
BA000338,ddcdbc7a4bf9f899b2ccfe95,Bank of America
BA000339,3f32c8cb753f93de732060ad,Wells Fargo
BA000340,0bd905c128fa952c165c2a79,Citibank
BA000341,c214eb101cf7063ff7355d0c,Bank of America
BA000342,4035996b047834da1bf0895d,PNC
BA000343,525dd11c6f985502cdebfa2a,Chase
BA000344,a6ea75a0070189090a4b0e98,Citibank
BA000345,0bd336bbb723b387aaf16b19,PNC
BA000346,f02046874997009376cc79a4,PNC
BA000347,b548ca38a75b96449d580efa,PNC
BA000348,0f39ee8be29fe657f5e56838,Capital One
BA000349,1db108ed488abe1059f67594,Chase
BA000350,87e1b225ff9d9ec9bb500829,Chase
BA000351,255eb840c21c7f47ae081703,TD Bank
BA000352,10d07bd2e0f8be7dea44d3be,Capital One
BA000353,e4596087f20654839e53b305,PNC
BA000354,c4f6664a81e142d6bc2fefd6,Chase
BA000355,df6ef11cf0030d5eaa1ef7b9,Chase
BA000356,c9a331e2dce650cf00240047,PNC
BA000357,81a14ee7707359704766ccab,PNC
BA000358,483ce715b7ed76991557904d,Bank of America
BA000359,d391ba5ef6070ece13c9c1ef,Bank of America
BA000360,58cd75f077e72a722b99a3df,Citibank
BA000361,f073a63a77a278440fe74431,Citibank
BA000362,6c582f1900dcbc80b0851abc,Citibank
BA000363,af88d916c81041368ce51ccc,Bank of America
BA000364,7da1ec4f80f6a167b09627cd,PNC
BA000365,cb2c680c6fe911d727e28a89,Citibank
BA000366,82dd2c89d53dee8da3897c5f,Chase
BA000367,487f4d78cb4697403cbbc7d2,Bank of America
BA000368,5f1be978fcbb5eaa1acdb2e3,Citibank
BA000369,53983e393602961b40d78829,Chase
BA000370,802fbb7cd87abed5c86d3ca1,Citibank
BA000371,7112d69469d9d4f7ad1da348,Wells Fargo
BA000372,9207fdbc1329bc019d847bd8,PNC
BA000373,c186b6ce28e1aed2c49c2af1,PNC
BA000374,12d51cf263edc542d8c4c8aa,Citibank
BA000375,c2e3d230ae1fddb6c451b59f,Wells Fargo
BA000376,86b63dd551e1cb225f37f58d,Citibank
BA000377,64515af23946823b26a1638b,TD Bank
BA000378,983e3782add8e539f7c7364a,TD Bank
BA000379,2762dd5867f6a355e009c1c2,PNC
BA000380,98b44134dfb435158ec33492,Capital One
BA000381,2e7bfe167885b18f57e39758,TD Bank
BA000382,7a1e74782efa25d7fd0a6392,TD Bank
BA000383,4f969d013a6fd1531ead2bcd,Citibank
BA000384,9118978c497494b97f7ee55c,Bank of America
BA000385,d87b8f006ca01feb843d92dd,Bank of America
BA000386,e0a6ae5ca865170b9d48e96b,Wells Fargo
BA000387,668212812f000c637f48717b,Bank of America
BA000388,229b2e96f1e37297a9cb0b92,Chase
BA000389,83527d92872a0f1bece378a8,Capital One
BA000390,88bc0ed47330317629dddb04,TD Bank
BA000391,625b8998808c5f11a01a4684,Capital One
BA000392,776458d98f80c38d3d01422b,Chase
BA000393,1742a0183840bb1576ad904b,TD Bank
BA000394,a3c84ea4e3298754673032dc,Wells Fargo
BA000395,9efdf698c6a4a3319492b80f,Chase
BA000396,d6b77ad5209bb30c6da0feae,Chase
BA000397,2d8c7e1ba4cd7f1b162029b3,Capital One
BA000398,74bd1d1930ee669f02a5f4fb,Citibank
BA000399,bac72c4cd404ae29bb38e411,Capital One
BA000400,4921e1eb1fb722394ea0322f,PNC
BA000401,dfb6545194010588bd89c97c,Capital One
BA000402,9d21a8e9acbbdabc29c0ac76,Bank of America
BA000403,5107b24f34c9c2469ee83e4b,Chase
BA000404,c6675f7a002986a3dc5a422a,Capital One
BA000405,6c032e365db409b1cb2746ba,Chase
BA000406,e2a016f634c74e0ce800c8d2,PNC
BA000407,66cc92b92f95267f92d09687,Bank of America
BA000408,4b5be0b3bf2b187dd799b40e,Chase
BA000409,8a33f972bb0a51ee9ab550e4,Capital One
BA000410,b75ed736fb9a15430ea3ec6a,Chase
BA000411,bb315a93f574c70bfe9e706e,TD Bank
BA000412,5666e4e4440f946ab50037bc,PNC
BA000413,eb1b7325b19a635fb405f696,Bank of America
BA000414,85439ddd9dd18f9bf950e99a,Citibank
BA000415,4214e9020a7dc8ab1a7fe980,Chase
BA000416,927e6fe0a1533eaadbcca00b,Capital One
BA000417,d052ee9055d8290ca5303f34,Bank of America
BA000418,fa6e9907aef2e99a49432813,Capital One
BA000419,0748dfddc362d2385cd811e1,Capital One
BA000420,b2417c38a6fa786f1fabd283,Chase
BA000421,6d2a0705cc5cc312669736d8,Capital One
BA000422,675d650b3a2bbd2f9e479b8c,Chase
BA000423,dfeb33b6b389eac7433ca676,Citibank
BA000424,d54a195ed2837aab9401a864,TD Bank
BA000425,d46136146210890079df23a0,Capital One
BA000426,0538bbe2fcdfd7d3f6b254d2,Capital One
BA000427,44c18c9c6e803ce05ade30c2,Capital One
BA000428,3ec108b56e9edde7dbab693b,Wells Fargo
BA000429,c017937000ffbeab8c768e33,Wells Fargo
BA000430,6da8d02b59caf21bec06e909,Bank of America
BA000431,78344e63738001b276e5ee6e,TD Bank
BA000432,56b33c808de878a1659c6177,TD Bank
BA000433,7241183394cde0d1494bc356,Wells Fargo
BA000434,951c17444365fada0d58031e,Bank of America
BA000435,121648bfe3c72c587478adb9,Wells Fargo
BA000436,abc9fd6a4b972557acebbc1b,Citibank
BA000437,3e55a9744b5f5da0beeaa314,Bank of America
BA000438,b4a08dc1c26642329646475b,TD Bank
BA000439,2667e652c5e51736cbd352a6,TD Bank
BA000440,758957cb1f3c5d3b9636003e,Wells Fargo
BA000441,2a66aa91f621ee28e8143e74,Citibank
BA000442,23aea980df29dd7564dae7b4,Wells Fargo
BA000443,1d3463b63e5719ee3333fc6f,PNC
BA000444,c6b7b428412756371a67f11d,Chase
BA000445,d9dfd9093775117e682adda4,Chase
BA000446,0c10013137d9129054afd455,Citibank
BA000447,76722b2c948f78984c607c9f,Capital One
BA000448,bd4631423ace55a2470c02c9,Capital One
BA000449,cf6ac9718cdf54de1da0440b,Chase
BA000450,ca0f4eb23f3533a1edfe7e58,Chase
BA000451,50ad203b218710de2673149c,Capital One
BA000452,ee1476e55a59f7275f5741d4,Bank of America
BA000453,30fe164cfe96900b0f14f666,Capital One
BA000454,2a0bf6777069adbbbbe9b00d,Wells Fargo
BA000455,755e376781ca019ad4386c8b,Bank of America
BA000456,2d4e55a83b54062505ee8792,Wells Fargo
BA000457,87435399a827e44747fad5ee,Chase
BA000458,cf656ee3e8e50846d31dcb0a,Bank of America
BA000459,2a4f8047635a9f3adad631e0,Wells Fargo
BA000460,a4a1503e9f9129c0e5a16a39,Wells Fargo
BA000461,e41ff43edcf5dcf028beb1b6,Bank of America
BA000462,2ff3df5c6ea96e7593016e84,Citibank
BA000463,32be3ce344fe10c4412181d8,PNC
BA000464,255630c9e4c62f4acbcfe86d,Capital One
BA000465,dd3cbe343818039b05c6e258,TD Bank
BA000466,2b4ee667ba92544ce52530fc,Wells Fargo
BA000467,8f4b29fc6b41524004ace1dd,Capital One
BA000468,9e4c4aa0cda43023e0f7b0be,PNC
BA000469,74a3d06c52215e4e5b4559c7,TD Bank
BA000470,362dceaf3f851fcbd895f29b,Capital One
BA000471,2143ef71851cfa23344beccb,Chase
BA000472,dd1f8f22a6bf1a88a9018423,TD Bank
BA000473,fb5d6be261a7e8970672d641,PNC
BA000474,30c4c40f6147ab0ff7e95d13,Capital One
BA000475,add904bf234426bd5325d2c3,Wells Fargo
BA000476,8b4658662fc07292b8a0f467,TD Bank
BA000477,d249eb171f311cb7698fa2b3,Chase
BA000478,b0ed16006548d6fa163e4c40,Bank of America
BA000479,6bd2d37ef64f443c3f84b8f2,Wells Fargo
BA000480,c191ce358e1057eba9407c6b,Chase
BA000481,1d5cc3c131ed33237a1d2aea,Chase
BA000482,fb5ee5741ac97fe624e3e161,TD Bank
BA000483,93c2f272800946a9be484541,Capital One
BA000484,1cbcd93c2d2a56006c47241b,Bank of America
BA000485,9dc4d9b5a6337325822f5762,Wells Fargo
BA000486,6a97ea96fdfe628cfe2e3fc2,Wells Fargo
BA000487,5c32aee56e7249d0d02c2e70,Capital One
BA000488,2c32803dde5943f4f472b4a0,Bank of America
BA000489,94474dfc573f5eeddb4e6549,TD Bank
BA000490,aed9d8d57f46987fff1045e7,Wells Fargo
BA000491,da5dfa3f9040b82c250298e8,Bank of America
BA000492,f26d9f5e5567fb17030b7076,TD Bank
BA000493,a17faffef118da08ccaaadcd,TD Bank
BA000494,87f994480c559abbcfd93ce2,PNC
BA000495,9de4b62cf75d157e62856185,Wells Fargo
BA000496,dd9f1a28117bad038f9e0857,Capital One
BA000497,9001d804ed9bd136b05c31c7,Citibank
BA000498,f8ad546fb0dbfe6c0d6f1e61,Wells Fargo
BA000499,c1e9f3a6ec2c2ca774be62b6,PNC
BA000500,343ef07a1effbd0aa83f3d05,Chase
BA000501,a7705722e9f396d1007ee7a9,Chase
BA000502,d7c3343b7358c1103ea0fb19,TD Bank
BA000503,4c2dc00ea0dfdfe0bee5d136,Citibank
BA000504,451e1406ce49492aac61725a,PNC
BA000505,a39c6f1c96b8ab0d9f338013,Wells Fargo
BA000506,1fc38d85e9e71935996ddf98,Chase
BA000507,f9bc64811d5e1b3f53ff73de,Chase
BA000508,3c97b28e2bc26dd90fe025b7,Wells Fargo
BA000509,703fff379299fe8c445dd72f,PNC
BA000510,59b30a98f6a67276a9099467,Bank of America
BA000511,3000881abdc6ded644127132,TD Bank
BA000512,f5fd362e6008281748342e90,Wells Fargo
BA000513,b0d591d750c912550bfaf1f6,Bank of America
BA000514,74d71d9a271437440d0b3f25,TD Bank
BA000515,6088659a890b970f4aa0ff4b,Citibank
BA000516,0ce0ab80a55b2bde4e07feff,Capital One
BA000517,dffa2d2ef9038503c9cb3f6e,TD Bank
BA000518,34e897b07c4c3420f0a71cd9,Citibank
BA000519,616711350bc018ca5c53708d,Capital One
BA000520,dc9d6d43d7d935975a498ef6,Chase
BA000521,d669ec66b43e45089e643e84,Chase
BA000522,8943da0eb846653ff0084597,Chase
BA000523,c36d69b31615b3c5f059b148,TD Bank
BA000524,9b33905058dd0bc05bf49a97,Bank of America
BA000525,19b6d020e984d46abddc9caa,Capital One
BA000526,ba744d9f8ffff4bd29f799eb,Chase
BA000527,9c5c9fbc63bdd742f818d484,PNC
BA000528,ebbeef2ea7ddd7e0f601790f,Wells Fargo
BA000529,b2ee9becb23337d6e29cf8be,Capital One
BA000530,a0a3a2968dad8b3cb8ccdab2,Capital One
BA000531,1b730253c83b232fe778a2e8,Bank of America
BA000532,588fa7a96a18f53bcf8492c5,Citibank
BA000533,c1b483bc11d4fab2ec37d80a,Bank of America
BA000534,cdd3b1cc3486f23314887956,Chase
BA000535,e850a9ed3a2db0cd21641745,Wells Fargo
BA000536,8f75a70a50867ce628b004f3,Wells Fargo
BA000537,5a2991f93dfeb7fd44ccefc2,PNC
BA000538,c7facbf92020173672eb3a92,PNC
BA000539,a3a366b533f1c2de335b89c9,Chase
BA000540,df6b8bba6011c00cea71d623,Wells Fargo
BA000541,47c9be20721b87a1460282f9,Bank of America
BA000542,bee2d90d3d966068d763a2cf,TD Bank
BA000543,3013d1f2860b77522214fd45,Bank of America
BA000544,c3eae8f117eefa23a2331bb7,TD Bank
BA000545,75092dffe6821bf26cf96f34,Chase
BA000546,115538eddc6a6d4999befd9d,Wells Fargo
BA000547,6d7a0e6daccfb96cd012a76a,PNC
BA000548,8e5d0d1533a77870c19ba056,Capital One
BA000549,65e889e62072bf21f76473ef,PNC
BA000550,1b3f9aedff7f4557e51c4a76,Citibank
BA000551,f001adf106c685518e7f74f2,Capital One
BA000552,6217c25657694d7e9a42778d,TD Bank
BA000553,2dd21607011a35ec3bc1816a,Bank of America
BA000554,94575dde15472a6937c61c2f,Bank of America
BA000555,0bb20b72a2827104297f2c21,PNC
BA000556,abd21685f9a105f0d4e6843c,Bank of America
BA000557,f31b5d54894a1fe8370d6b43,PNC
BA000558,640294d719342573263298e0,PNC
BA000559,249070407ddafdb9aed08158,Bank of America
BA000560,bd9df1c63680d67583ad419d,Citibank
BA000561,c6220402ac4d680fbf4a4e39,Chase
BA000562,9f567a0fe69d46a5c586eb5d,Bank of America
BA000563,7d6d7923483933521218fae9,TD Bank
BA000564,85739a9edc36241d2663067e,Wells Fargo
BA000565,d40879386978ba6997888479,PNC
BA000566,f85521c7aa4d351c6a5f6404,Citibank
BA000567,be9ce4fa37064953914b6785,PNC
BA000568,374c49183ac3319944ddcf16,TD Bank
BA000569,f27297ce3c57a2fe509999b3,PNC
BA000570,1672fe3bbf862ee2ebb34129,TD Bank
BA000571,cb8b0f044e59286be0650946,PNC
BA000572,2772d6cfd7539ed708f18114,Bank of America
BA000573,3863ebe6e19f781912faa498,Wells Fargo
BA000574,81f7453dcb6d9cf54dcc3b34,Bank of America
BA000575,92cfd95e9ba3a06d692b8898,PNC
BA000576,6f77ef17ed1d31a441dc63fb,TD Bank
BA000577,c4d1dc34701723a4e0d75cad,Chase
BA000578,8d280f777de97179f7e96244,Citibank
BA000579,10fbd670329e75742e977b37,PNC
BA000580,c66113ed28e65a087c6dca01,Chase
BA000581,f991d77b7648768ae84bd39a,PNC
BA000582,3a6073a4750598add71810a8,Citibank
BA000583,9c7427c2ac07ca20c717020d,Bank of America
BA000584,c1f6d584c71cd4c01b8c4883,Bank of America
BA000585,d3fc6eeaab708894f51f4772,PNC
BA000586,d3088c647fcdfc014f20af4b,Citibank
BA000587,44377cabf193e789c1f2bbb5,Wells Fargo
BA000588,b628ea92441c8f48c3d6cf2b,Wells Fargo
BA000589,de662b19b568897dda161ea5,PNC
BA000590,ed0f8af67b80003bc4698ae9,PNC
BA000591,960a1bfbab4c1b8ccabea995,PNC
BA000592,88bbb48f1f869b5357123b7b,Bank of America
BA000593,bd831b98d0266701bb1f98ec,Bank of America
BA000594,c79e43fe58583fff7cf45398,Chase
BA000595,c4f1dec38fb8ff222197fbd4,TD Bank
BA000596,0c7c0517cdaf811c254841ec,Bank of America
BA000597,6ebefbca472a84a92efb3452,Citibank
BA000598,45c4feafdf15b1d0513d79d6,Wells Fargo
BA000599,9f8bae8ef112e9de34370b8e,Wells Fargo
BA000600,12bde8e1ba0724fb33cb81cc,PNC
BA000601,83ddd2d79208942349c69fcf,Chase
BA000602,1e8975f5dabf14d5106a5b7f,PNC
BA000603,a38cd6a715b3223dcae45fd3,Wells Fargo
BA000604,c8b5558b08ca34c2f7fc8b74,Wells Fargo
BA000605,1c1fb6ee3f04f0d6220197df,TD Bank
BA000606,49fdfca30e847088b4d11462,Capital One
BA000607,7d79b2cabe70163c94b7dbfc,Citibank
BA000608,1b86d0745309f4d46585bda5,TD Bank
BA000609,96b9c0d0149971429bb08fbb,PNC
BA000610,49e0e96bdbe79ccc54caa47f,Capital One
BA000611,12adc7bffbe578ad9c3d0a15,Wells Fargo
BA000612,389fb7b7b911b04182506333,Chase
BA000613,583e90f984acaed4219bf812,Chase
BA000614,8e07d1b6a1c813d9df36ca84,Wells Fargo
BA000615,b7ee5fe106fa8b15636b11d2,Bank of America
BA000616,348e4fd9c2ebf933bfa5c12d,Capital One
BA000617,00b00f3b382957adcb8653bf,Wells Fargo
BA000618,9e0d890fd05b9bf811a17cb8,Chase
BA000619,aa5a92622ce1d45d340b0ba8,Chase
BA000620,54fdad160917f0be8f071473,Capital One
BA000621,801296615f79fdd8f738bfa4,Citibank
BA000622,fa2cb5973c887341d3b740d7,Wells Fargo
BA000623,1b5658922609e801068bbd5f,TD Bank
BA000624,0dd06d72e6e27699cf5c277e,PNC
BA000625,147a7e98235ea1437e4c00bb,Wells Fargo
BA000626,33c48989aa53385dd54f80fc,Citibank
BA000627,58a60978fc0a0d15d680d7a7,Capital One
BA000628,17e47160b54738d0857d742f,Capital One
BA000629,6afb917233af91efcf33c9fe,Chase
BA000630,40fc32a1010e9086b62d2e7e,Citibank
BA000631,1f0ef6afc17a62a282743cf7,Capital One
BA000632,ab524bde69054a8c47c88194,Bank of America
BA000633,786b9ee24a7624b7344f7cfd,Wells Fargo
BA000634,0fab6e7bbc58ce145d3a8773,Chase
BA000635,21dd1f00abb3202b2daab680,TD Bank
BA000636,7dc8673137fca6fa9937a960,Citibank
BA000637,915e571b2588b6eb3f7bbb40,Chase
BA000638,ee71042d66672028a64e9a48,Capital One
BA000639,0b2b7a1eaf1b032b755559d7,PNC
BA000640,482d495da14d0c3bafa7b1a0,Capital One
BA000641,f06742544876d7f48ec20970,TD Bank
BA000642,7b1008956605e65aad9d86fa,TD Bank
BA000643,07c5ffa9b8a58c4940ae75d4,TD Bank
BA000644,f63922258f13b064bb8a15df,TD Bank
BA000645,0c36dfa022ce946e3a772a38,TD Bank
BA000646,b98e0b0667cad1ff1d416c33,Bank of America
BA000647,7d4a65c8c98a6401aecdf950,Wells Fargo
BA000648,2958fee26aeefb9bb46912b7,Citibank
BA000649,8ff78c7777fc4794a22a0fc0,Chase
BA000650,d650b8dff8719813dd8df0a8,TD Bank
BA000651,19f5ed16149180806c8e6801,Wells Fargo
BA000652,1700495584ba9327fb86294c,Capital One
BA000653,35430792f337519f6c4a2973,Wells Fargo
BA000654,4ad4810483d1a0aa2ced8d68,TD Bank
BA000655,07a0a73849d81e2695780611,PNC
BA000656,e43de5832447c11e1b649aa6,Chase
BA000657,6f79ca4468b822873a8301a6,TD Bank
BA000658,cb8b9112c7850299b92846c7,Wells Fargo
BA000659,698540dd8ab67162a9ba7721,Capital One
BA000660,9e4ab0333faf4551eb6121e7,Wells Fargo
BA000661,e620a0a14cba4db784a664ce,TD Bank
BA000662,650d9458b1e7074cca7ea545,Citibank
BA000663,fac3bb580c5f3f8ad5c9dea6,Wells Fargo
BA000664,c8c1db20b5313281687a1254,Citibank
BA000665,b19e8c4964ae1c4ff0a011fc,TD Bank
BA000666,7df8e94e88232417c8b20efb,Wells Fargo
BA000667,0b46431cb98ab85da3a43e97,Capital One
BA000668,2e9def4298cff0562df3e311,Bank of America
BA000669,f5e05f4f915c4484134285d9,Bank of America
BA000670,768d6db778895b2976f43a9c,Citibank
BA000671,bc082abdd37aaaefc4b9fd91,TD Bank
BA000672,da37bfa3107ee2298e6b78b1,Citibank
BA000673,79c181e797defffd93bf1a70,TD Bank
BA000674,496f036f46ac9e6ae16f1623,TD Bank
BA000675,d82d2f6366388259901b2632,Bank of America
BA000676,32c16a4cddb607e9c1e52c10,Capital One
BA000677,d6fcde6e5d0321cbd249a0f6,Capital One
BA000678,839c1f58e795074841594236,Wells Fargo
BA000679,6c0b3cc173a41980229bccb5,Citibank
BA000680,6a6f625b57d1f3e2c26934b2,Capital One
BA000681,1801fccd89707adec2f2ca99,PNC
BA000682,be3040bbf177cc986a8a4987,Chase
BA000683,fc423b788bb6da2bab6fb446,Wells Fargo
BA000684,196f7b9ab4de863e7939877b,Wells Fargo
BA000685,b77fc40a727d9d297ed18204,Bank of America
BA000686,3b02824cf2af474ee947579b,Citibank
BA000687,d10cec0c81ecdd7bbfa942e0,PNC
BA000688,471194500bea580224fcda03,Capital One
BA000689,0c951c203f46fd1653647d3b,Capital One
BA000690,847cace30db689fd1d8fd353,TD Bank
BA000691,09e6a51f1ae363af7b5f7db7,Wells Fargo
BA000692,73a0e98583dd6b5176be649f,Citibank
BA000693,4501052806f102626a7369dc,Citibank
BA000694,fa580d935ce28431a73bb8d8,Citibank
BA000695,203ce4d0e996a1f1b2e904ef,TD Bank
BA000696,30c75cb5c17906b81c5fbd62,Bank of America
BA000697,ff8fb536deac82b3924c05f7,Capital One
BA000698,61ae04fd4dacd4f198487c79,Citibank
BA000699,74e3e22f9379fface98f4727,PNC
BA000700,2ff141e3cbe3836e7191abd3,PNC
BA000701,d96d9e91895c7cbdf95e2acd,TD Bank
BA000702,d9b5124ccbe1e71221846288,Bank of America
BA000703,a1376784dea0632f83d1e767,TD Bank
BA000704,29f682ea49c8cc8b53fe8d0f,Chase
BA000705,52fe2e2fcdba967a9c5624a7,Wells Fargo
BA000706,28745d6bca816b3205c1faea,Capital One
BA000707,f838ae33f10c071c352f8c5d,TD Bank
BA000708,86ec2b7f5b0c179cb3900cf9,TD Bank
BA000709,4bf364bea02a56c59c9f9ba5,Capital One
BA000710,dc04b61680ac812d23160432,Wells Fargo
BA000711,045880f2deb7bdd54d7c762f,Chase
BA000712,7560da4743b169234d9852f1,PNC
BA000713,cd7a6df96ec211afcaf96295,PNC
BA000714,ebe6694b14dd541d7e9d47c0,Bank of America
BA000715,78bdc5774ad617d3890b285c,TD Bank
BA000716,81fa330d641c3185d5f8b41c,Wells Fargo
BA000717,963d3d0dd85957c952a2fc8f,Bank of America
BA000718,98c1d7345f9464d1ba24be0a,PNC
BA000719,34970d04f47830c2b320122b,Bank of America
BA000720,fb018fd362c0d8a7b9d2d1d9,Bank of America
BA000721,658a4bffe62a8ba8ed529178,Chase
BA000722,76bac89e283eb9f4484bd5cc,Chase
BA000723,7093c12804fef747cd61e3a5,Bank of America
BA000724,c1bb7caacf1726acee826e22,Citibank
BA000725,17d8520f906f2a886fea9b10,Capital One
BA000726,ee6b73d34702f36ffe1f569d,PNC
BA000727,9152672884c12779d6b80554,PNC
BA000728,4d1463b63be083f25edc33b0,Chase
BA000729,951d3a07c29194e9a6f0b830,Citibank
BA000730,f7bb715b5584c4149d54a05b,Citibank
BA000731,eeb2fc8e6e89b0ad50191f90,TD Bank
BA000732,1c1ac8dd0bbf4e9eee697730,Capital One
BA000733,6593cb4f9253682016cc60d7,Bank of America
BA000734,10542748208e2420f782a39f,TD Bank
BA000735,b23e3c4171db97b4a74ebf09,TD Bank
BA000736,e227d24133cec194ea1bb095,Citibank
BA000737,f031776f303fd30d6697b4a9,Citibank
BA000738,f076319d2e0c33511633c3a8,Citibank
BA000739,1d2b40167026ce22f1a70ed4,Bank of America
BA000740,7c66b9cb15e7bc40a3f0f701,Bank of America
BA000741,7fbf53250194b5bcf080b5a2,TD Bank
BA000742,f66db6b404da4a50fa574454,TD Bank
BA000743,1c59b0f6d6b77048953ce716,Chase
BA000744,71f4b68f44b69e8d998ecde3,PNC
BA000745,dc4ee44da07c119636ce8970,PNC
BA000746,6736fdf016177644ade7dfc1,PNC
BA000747,f1c47b6015b6add40ee55819,Chase
BA000748,02b552398ead4c0bfbaedaac,PNC
BA000749,96b3fa5eb4bc6bb7ef16bd2d,Citibank
BA000750,598fdc0ff01578e303e54f12,Bank of America
BA000751,6f0436b82e115b69fbb1bdcb,Bank of America
BA000752,b45df55b02538bd33b60f054,PNC
BA000753,8f31d603b8937efe2cb55a3a,TD Bank
BA000754,4712a32fff119aca9eff0e7c,Capital One
BA000755,cd540d8a2a71db69d8cbf154,Citibank
BA000756,922a434848af2fa02c237df2,Chase
BA000757,51aee6f508fe9710a0becd40,Capital One
BA000758,34cbb8b7eadc09ef66aa6ff5,Bank of America
BA000759,f162d890aad8cd6b3313af0d,PNC
BA000760,8cba19d80ab00f0d27ef0660,Chase
BA000761,6529b5f328b429de2aef9573,Citibank
BA000762,b2c74af053f2b8d542dd9e13,Bank of America
BA000763,0752141b259abf7e38976146,PNC
BA000764,bea6424aaee73bb7dab26747,Citibank
BA000765,edf53700a544f6f29936d4b9,TD Bank
BA000766,198df6ad4b29c2ed3ad876a3,Capital One
BA000767,15c474244ee7e5d8925fb480,Capital One
BA000768,33b10de9de1070a9e513b465,Capital One
BA000769,be6aaba72e11a85aade7d9b2,Wells Fargo
BA000770,ac25db14e4350dbed8a53c20,PNC
BA000771,fefa88cfe12c6017250302d5,Citibank
BA000772,4122fe1e0ffcdaa4b81280ef,Capital One
BA000773,86dd773c2723dee98fe5c5d2,PNC
BA000774,67ce7303b2c2f78ed81def0f,TD Bank
BA000775,497dc5c1aa9bcba26028c5a7,Capital One
BA000776,febce2ed44e1a0e6566feb85,Citibank
BA000777,5740c491625fd09a2542cd27,PNC
BA000778,7125ccc6716184b638bb8fc1,Capital One
BA000779,e951f662a77fc5ebd4700c02,Citibank
BA000780,c2be3ee15431b14fff34ff4b,Bank of America
BA000781,5818d0bae3cd1ed26606bd87,TD Bank
BA000782,97eec2d3229a0f38156f2925,PNC
BA000783,4ec0525e44c7f858a512b995,Citibank
BA000784,073791e44a308fbd7338b73c,Citibank
BA000785,39aa390c5dd76c5c409418f6,Wells Fargo
BA000786,ae985c43c0f91ab9509f76f7,PNC
BA000787,000950992c2c06fe42bb86c7,Bank of America
BA000788,8d01476556a0d8e383268507,PNC
BA000789,e75b889920fd6facb8ee939d,TD Bank
BA000790,0e23d242f97ec9a7bfabddac,Wells Fargo
BA000791,2776569dc881490b620ddce3,PNC
BA000792,afab771ecd81cb7817c82fda,PNC
BA000793,a4505da59116f0a2c8b92f26,Capital One
BA000794,7a75034013eb07b45e09d6cd,Citibank
BA000795,e39541b45b4d3ad8e4fd278a,TD Bank
BA000796,ca024abd6df0d66d03f6bd05,Bank of America
BA000797,21c41f6cad2d9c5b9d9f7908,Wells Fargo
BA000798,2c32c3756d78a9b36688e281,Citibank
BA000799,d38985e6a750ec37ca9d86bc,Chase
BA000800,26dc1a0c5d8e591be4bbc4ed,TD Bank
BA000801,faeecd44c1eb7821d12b40d0,Wells Fargo
BA000802,c6d30bf909367573eb304dc0,Bank of America
BA000803,729022212c0f003341e70770,Wells Fargo
BA000804,25a9683b9b06a87beeb35659,Wells Fargo
BA000805,8b5cdd3d2c4889151948edaa,Wells Fargo
BA000806,e26f017bdee8c42168a05469,Capital One
BA000807,581a0e4c954762a1a282b65c,Chase
BA000808,9fc7f8520572d6a6e2322ff5,Bank of America
BA000809,f01feb1bfc0dd9d50f4238b0,Bank of America
BA000810,a73a83fe78d15b0a7acb0d9d,Bank of America
BA000811,af3de5d0c3ced3989effaf44,Citibank
BA000812,dfcbaa928c1f677e92a7295b,TD Bank
BA000813,267f2f1a24fa1fd23240826e,Bank of America
BA000814,08be40456e9d02f0f33dfa91,TD Bank
BA000815,8036923a98cc875d748bf9e6,Bank of America
BA000816,424b58d5ab8a543cc7138709,Chase
BA000817,94b2366c306c53f9a14db8f8,Citibank
BA000818,bee7612bde47e6c876596d8d,Citibank
BA000819,23cef3af7f81f4b163bf062e,Wells Fargo
BA000820,95a3b0e476e332efbbd309f4,Capital One
BA000821,519a8ba7fde06fc8d441d906,Citibank
BA000822,ff728155d8d5877f075e865f,Citibank
BA000823,262ba09d0d125d37279b7d9d,Chase
BA000824,3dd8fff3a41cf771a9dcfa95,Bank of America
BA000825,70e7b52ae1e1f96b44c69adf,PNC
BA000826,9d075147ae750d53ea27e0be,Citibank
BA000827,6f5ac364491d51a6d1e0d765,Citibank
BA000828,3112ed867c982400c334e53c,PNC
BA000829,40df8b2d9bea728da449e16b,Capital One
BA000830,cd344bec35c6e8339e9aa405,TD Bank
BA000831,35eea337e867512c9f65a1d7,Chase
BA000832,bd84cc070717b028a6a40219,PNC
BA000833,fc8ae9febd92058fb8f4dad4,PNC
BA000834,5a255e76e099a9e20903a73b,Capital One
BA000835,318f97172a4c6d1f77d4d119,Citibank
BA000836,42f4eae8c2f58b2280168c08,Citibank
BA000837,84529cef3fdd0217ef2bb93f,Chase
BA000838,8f4021361ca5314632019980,Wells Fargo
BA000839,08712a8f99f002255edf01f6,Wells Fargo
BA000840,c2bac9b21cf281d326007726,PNC
BA000841,e1d777845e5a886c717e5bb6,Citibank
BA000842,3c70a1ec233cc45710d6f852,PNC
BA000843,0dce57837bb910253207629b,PNC
BA000844,6417cb36a95b91f7e38589da,Citibank
BA000845,14226771f803c36a272faeb3,Capital One
BA000846,511066ddb045eb43ba9f9da6,TD Bank
BA000847,5e6a4beffd146482d0eb5652,TD Bank
BA000848,81215b68e4b13c900a5e8322,Capital One
BA000849,35315819b57df5cafb778667,PNC
BA000850,7409ddf4de62ea5ec725f845,Capital One
BA000851,830c83c7a2bc06cf68009797,Bank of America
BA000852,8e8b4e9b4fad722cdfb55152,Citibank
BA000853,a05842b705b8b3bdc10ebf76,Bank of America
BA000854,4397c0eaa69046478f822a99,Wells Fargo
BA000855,8c712224b8eda4e61b6b0d64,Citibank
BA000856,02997c70ab5bf06b72d6cb13,Citibank
BA000857,eec5331b7cc614d0847be6e7,Chase
BA000858,786413135e398a0538dbc315,Citibank
BA000859,ef45d3929aea66d0a02ef57c,Wells Fargo
BA000860,40820b8eb61051431f9c9b72,TD Bank
BA000861,b4af4ccec9563d68e5126761,TD Bank
BA000862,33f1e42dcfc0d9af00912e05,PNC
BA000863,1fb5e02b91f79507d0642f6f,Citibank
BA000864,60226b4f630e6a65243f904c,TD Bank
BA000865,f1965923428019662b3765b9,Bank of America
BA000866,a225880ad32692344b14d2df,PNC
BA000867,2c9c3e9c4f26c19de6ae2d32,Citibank
BA000868,fd633e2868b527163284677f,Bank of America
BA000869,f8e847258cffe7854da9aa83,Capital One
BA000870,205755363d157af71b9f849d,Capital One
BA000871,eb1946c19500ca50daa9c2a0,Chase
BA000872,ee9faaf86ebfa04d78cb093d,Citibank
BA000873,eed45b69529a8934caffbcef,Capital One
BA000874,3a556a0b410a4786d0ad9f57,Capital One
BA000875,036f98fa3891eca55de0d0d6,TD Bank
BA000876,fc4e8a1a89924eb9ca4ec3d9,Chase
BA000877,7aae1181a7d205e53a4f6f3d,Chase
BA000878,a82e75f66101a9f0c4072003,TD Bank
BA000879,23c5e19c6e81e6512a1df9d1,Citibank
BA000880,ad281f2fab7cbf5fe60bbcc7,Bank of America
BA000881,f03418320e6a6ff3f3787913,PNC
BA000882,2a70b1d7eac2323232824532,Citibank
BA000883,c75be22cfd3877e9ff1fb274,Bank of America
BA000884,9538f70246c9f9a243ed8044,Chase
BA000885,6f39b881e610f3efa6c5d3ca,Wells Fargo
BA000886,18ea8cb0df15dfecd8b725e2,Citibank
BA000887,ba1958d0cd108dabbe1cf491,Wells Fargo
BA000888,d2a1a4975a45012eb2683027,Bank of America
BA000889,d40edb75ca07881f2b4a1cbe,Citibank
BA000890,2d2b68d259f3de7394d7109a,Wells Fargo
BA000891,6e528e3108e161bfdf9c6cc7,Wells Fargo
BA000892,6d535dba758ada522937dadc,PNC
BA000893,e574111e944a6ef8f3cee735,Citibank
BA000894,8ae4038d2998a0d02cb9eb58,Wells Fargo
BA000895,5831ae4cf895e472deead3d7,PNC
BA000896,3e116dcd668f36fd7a4e729c,PNC
BA000897,cb4949ade1d78d5fdf7fb1d5,Citibank
BA000898,e2c13d43f87540991e81ba25,Wells Fargo
BA000899,3d9f367fdf311d18ddb24995,PNC
BA000900,70f360338e8ac79d5a638141,Chase
BA000901,a7e6404b8b5d1fd421e1c420,Citibank
BA000902,beac8f93b9ed826fd6eaa169,Chase
BA000903,a3c6d5b69330ac84292e0ef8,TD Bank
BA000904,f2b0c6065b5c14eee7c0cc69,Capital One
BA000905,4d366ae0c2e831c90ced2dd1,Chase
BA000906,817b1510e14f847e4939d5df,Wells Fargo
BA000907,dbe2943b0fe58be5ba071771,Bank of America
BA000908,e10490d6919bbaf5423c56c1,TD Bank
BA000909,0f63d7e40118bafc7de308fc,Chase
BA000910,e691355209d1b77909959c14,PNC
BA000911,ff29d050c00f521bdd776f18,TD Bank
BA000912,147cd974881a7cafc6faf5a8,Chase
BA000913,6dc7570c04fc7726cdb66730,PNC
BA000914,87d0cafaf1c7d2cce9b00671,Chase
BA000915,c8a5e1222fca7bf13fe2b5a2,Bank of America
BA000916,d271c84d09cdb8886d7942cd,Bank of America
BA000917,1c12246eca7b166165da7be4,PNC
BA000918,4cf17be199ffd7b1ff14f8fd,Chase
BA000919,5decf51caf83f7d06a959919,Capital One
BA000920,ccf5bddf160cdc858c22d970,Bank of America
BA000921,31bd2348c29f1def5380e392,Bank of America
BA000922,76adda4bdc63a690d7c7b0e3,Bank of America
BA000923,143f63d92947235fa9cc4f66,Citibank
BA000924,6f5e09fbd9a8c02c34ea6e11,TD Bank
BA000925,998ab33358975dab99f6dd55,Chase
BA000926,e6dfeaeaf68fc11151181214,Capital One
BA000927,f63c988e6744f6668ed61b0c,Bank of America
BA000928,dae6fe3bd1bac154a6b4c837,Citibank
BA000929,d649b2a1b0aac42616584bad,TD Bank
BA000930,037e25ebe400ff999e4759a4,Wells Fargo
BA000931,ae6679ecf634bc15a5eb3f5e,PNC
BA000932,e49786a16d9ea5c43db4b4b1,Wells Fargo
BA000933,ba87621c19b5150fa4dd122c,Bank of America
BA000934,f8d57b744311974d56e89207,Capital One
BA000935,132c680a85d345252662bbc5,Capital One
BA000936,65170facc05b896248a97788,TD Bank
BA000937,ddcb0cb303addf3836fdb8eb,TD Bank
BA000938,7e0fba9f02041d02b89ca05e,Chase
BA000939,a2b6e8f2e1f41385e0b493e4,PNC
BA000940,c1198d728ed7888b3ffdc3be,PNC
BA000941,53a5dd5a712ef05f084298b1,Bank of America
BA000942,d0ba87345b206fdf3fea5e54,Wells Fargo
BA000943,c4a3c999042dd69b7afe61e3,Chase
BA000944,51f11a8fc5879b85931ef15d,Capital One
BA000945,da528bed2d849eccb83c2692,Chase
BA000946,3fcc1fba467ad8fa4789709f,Wells Fargo
BA000947,3f73b3247034455c909fd121,Capital One
BA000948,508a9138d546663ed2c67fe6,TD Bank
BA000949,b6e232d2f7b81b647678b10d,Citibank
BA000950,2dbdcb70c23df8ad2ede6ea0,Citibank
BA000951,1fb72d32466e24a4fef25f94,TD Bank
BA000952,d76f20fd0efc28bfca39aad2,Bank of America
BA000953,60280bc65a3c3dd5054a3693,Chase
BA000954,f39260962ca6e4fc47d8da91,Capital One
BA000955,28a223f71f838faace513fa6,TD Bank
BA000956,88f9502105b21067ac27a7cd,PNC
BA000957,721eaa683a16d85e752e73ff,TD Bank
BA000958,15cc2169211eb6ea8a47edda,Bank of America
BA000959,70438f839827435d24febb29,Chase
BA000960,2ba660db9aafed95bb5f0a98,TD Bank
BA000961,87390ab0dc15857ae7404cc6,PNC
BA000962,49c33fa04ce4163650ff6907,Wells Fargo
BA000963,264e2477d1811be66212380f,PNC
BA000964,3b43aa278d19cb084505cd41,TD Bank
BA000965,4ff56d8ac9631c3d60ac8c73,Capital One
BA000966,a9a46bc253bc90aa1d21a171,PNC
BA000967,dfe76e8cdfd4b290989b4a14,Chase
BA000968,cf04322ff3bd1b10cdbd5236,PNC
BA000969,e88f50e5ed94156f1e93891d,Capital One
BA000970,5537e28be0560f3349ed1398,PNC
BA000971,963325d8a6ffd3660fa68850,Chase
BA000972,0a094fe10336843abd233f96,Wells Fargo
BA000973,10b28a6ec152f46acf10b05b,Capital One
BA000974,cb66775b67d3692dea552169,Citibank
BA000975,dff523a0354c45424c732d3f,TD Bank
BA000976,d71527dade945eb8ace8f3ae,Wells Fargo
BA000977,274141f4fa92a82acc084c92,Chase
BA000978,257f593c7ec888ab4f61f59b,Capital One
BA000979,2d2f945c94fbdedfff05f0c0,TD Bank
BA000980,220528ab4c6597315eb198e0,Wells Fargo
BA000981,d4ecf28d464effd8dd5869fa,Chase
BA000982,0a52befff104d1758647a04e,PNC
BA000983,9f0d635dc66415d206989407,Citibank
BA000984,302a5009cd6631a18248dee7,PNC
BA000985,ba2d961ca53f70d28494e601,Citibank
BA000986,3760c6a95c89e204852b9ebd,Chase
BA000987,8f23aaf5b1ade6a7b5824ac6,Citibank
BA000988,0ce0572403b72b47833812c1,Wells Fargo
BA000989,38d05e7d0f4a2bf08f2b9823,TD Bank
BA000990,52822834b8efd9233877a46c,PNC
BA000991,4dee2314e44494a6750c569d,Citibank
BA000992,7adfd9e740e10f6c713edfca,TD Bank
BA000993,b1231a1c82bd759b4c49daa5,Bank of America
BA000994,af99d4aa281c7700eae5c173,Citibank
BA000995,c422741c82b256a38a630445,Bank of America
BA000996,100c4739b422ed2671fad4ca,TD Bank
BA000997,58ac9dda2f86776168f53f4c,Capital One
BA000998,f2d355cfd8761309b77e2896,TD Bank
BA000999,dd3f666ac8734f7873cd2272,Wells Fargo
BA001000,758b883acf52bbb242102098,Capital One
BA001001,a4f25b4ee895f542a3eb73cd,PNC
BA001002,bb16f90a386dbf1d8b6c034d,Capital One
BA001003,b736e0f1eb4516de29ec2466,PNC
BA001004,de01a37f1b91a14dc62f9cab,Citibank
BA001005,46709859afd72be89491f3de,Citibank
BA001006,de6ea2f71b597d35442525e9,Citibank
BA001007,75dd658f0b2f6e5f3c161367,PNC
BA001008,8ac26c0f6786e2f454291651,TD Bank
BA001009,1498481359134ed0fac8c8e7,Capital One
BA001010,f49ec7db2c0b050b9bc4cbbe,Wells Fargo
BA001011,685e01ddeaff08f1118091b9,Wells Fargo
BA001012,b90dd46767a2186426e8690f,PNC
BA001013,eb6cca2447c9eed166ef77cd,Bank of America
BA001014,fa928dedaf4a35dd3ca73613,PNC
BA001015,47d4ab5bee9da5c654a72c5e,Chase
BA001016,3949672da208c4f8ef8cbe4f,Wells Fargo
BA001017,f00995f6fe440fa94d5f6f9b,Citibank
BA001018,2f5862b72d2982e1a7d271b7,Bank of America
BA001019,0fb3969ba8b4cb074b3a48cb,PNC
BA001020,a097faf1c85f4026ceed3887,Citibank
BA001021,e921be3c8991607d38b342bc,Capital One
BA001022,faa1c084f0b1fcd008a45cdf,Capital One
BA001023,b455277fd31ac1d7ec669d43,TD Bank
BA001024,9abfdb6c5f0745227c71e1bc,Citibank
BA001025,1f655ade26b2315cab8a895b,Wells Fargo
BA001026,c0690b29f87bd5f554408de4,Chase
BA001027,43d043c0bb3bf63f5cff2018,Citibank
BA001028,9b9fe3d65d5670b0c6517129,PNC
BA001029,0b043f7ebb873c9f34944cdb,Wells Fargo
BA001030,14f7fd032ef68aefedb74a8d,Bank of America
BA001031,eb04665845ba409fcb3954d9,Citibank
BA001032,1fd7b0a10eab1005837ad0c3,Bank of America
BA001033,716b3978c3c1b8b789f7c2e8,Wells Fargo
BA001034,3dd511db5f6edf2823f13f30,PNC
BA001035,ec6031049140d7d1455cafc9,Wells Fargo
BA001036,52417f44e1909ba906eb4da1,Wells Fargo
BA001037,8b03f90da17145abc5c65ae3,Wells Fargo
BA001038,61e31033a83ec67506d416f5,Capital One
BA001039,c3f2d1210d275d8dd0390c2e,TD Bank
BA001040,e78921e236dd73d893d8bb89,Wells Fargo
BA001041,7da16bfbafc3914c7b6143d9,Capital One
BA001042,a27f52440cdf6fb8b8c11d0a,Chase
BA001043,40bc7a9970b95031dfc9ac8d,Capital One
BA001044,6f431f0bac505b9b391bea19,Bank of America
BA001045,d396d3a6d74037ce3d3fe9ad,Chase
BA001046,29e2e890cbe7484fe26dc50d,Bank of America
BA001047,5cba2f7e179eaa048d15bccb,TD Bank
BA001048,26a8aa6bb2ec6b36ced994c6,Citibank
BA001049,34448b2d4cd933bd19d7d995,Citibank
BA001050,b1f3f71cd1cfe7b88cfbf6d4,Capital One
BA001051,9ee627a41a5119eefa2b2776,PNC
BA001052,49b25cc5c9fd13c126ff94ca,Bank of America
BA001053,f84125a1ccb7ae1f105359ce,TD Bank
BA001054,1990bba88e229be487ff76de,Citibank
BA001055,fbe10c11c081ad681e7d9cd6,TD Bank
BA001056,cb5a4c72ea1f4f0ae1afcbcd,TD Bank
BA001057,5f51e48764af035629791b37,Citibank
BA001058,cef579d7f2c67e3c3a571577,Citibank
BA001059,82ef6de82fdb19fda60131d8,PNC
BA001060,ca289052adc4f3ef30c39566,Chase
BA001061,7a5f3ee7255b60f3c6cdf7a3,Chase
BA001062,80ce0135c01f6db1fcdf388d,Wells Fargo
BA001063,efa69b5e6f4047ee748f2f61,Bank of America
BA001064,a3f64bddd0e4b66751d8643e,Citibank
BA001065,572b79711cefca281849f7d7,TD Bank
BA001066,bbf780d506e16d8275309a9c,Bank of America
BA001067,66d8618a4945b21f5030203f,Wells Fargo
BA001068,1a76aa81cf73b4fc8098b138,TD Bank
BA001069,2d752ef46c8f999038797421,Capital One
BA001070,ff893e44c16b0614f3b37f13,Wells Fargo
BA001071,3454ce51b6be008456f4a39e,Citibank
BA001072,3dcd6b2187d4483c42297f39,Capital One
BA001073,0e6a955cc307753cbfc74c20,Capital One
BA001074,b6412df58a545d94952b8899,Wells Fargo
BA001075,c9dd4c48c6ca726f692ca9fd,Citibank
BA001076,fa94e74fc087e77eddd3120d,TD Bank
BA001077,b59fe857ad82788f2a09153b,Capital One
BA001078,8bcfa0f2324cd2684be33f27,Wells Fargo
BA001079,934ab3de66140d07a5858479,Wells Fargo
BA001080,ff3a7dc9886591d6b60809e9,TD Bank
BA001081,be440750cce8176c783ccd4c,Citibank
BA001082,6e3870df505a2385054dd41c,Wells Fargo
BA001083,c42436726da55b3d929043e2,Wells Fargo
BA001084,0eff50d1fe8c6dcc72c58da7,Wells Fargo
BA001085,7bc889e6ac8f2548e2d86824,Bank of America
BA001086,a736a1aefcf5afa83998f1b0,Chase
BA001087,a648bc5508a04db90baeaca5,TD Bank
BA001088,da4905a15152b16c722bd889,Bank of America
BA001089,27ed2a2d83383ba3594254f7,Wells Fargo
BA001090,713a5179b26bc7919959a362,Chase
BA001091,2c82ce467e15c107aca0d225,TD Bank
BA001092,0ec4a212b31b3560f3c04eb2,Capital One
BA001093,e50d06cfc7368b660e542f8f,PNC
BA001094,ecd221ee547f7890d4751929,TD Bank
BA001095,e4cebf5a264f261b5b91a161,Bank of America
BA001096,796932dcd2161540dc512d65,Bank of America
BA001097,60ce56017ca8f3cb8b72654e,Bank of America
BA001098,298430b1baa9980aeb6b1e80,TD Bank
BA001099,d21261de5e916a1ff33b1b35,Citibank
BA001100,68a09729e318885d7b17c37f,Wells Fargo
BA001101,b55d4521621f9a0c6bde5abe,TD Bank
BA001102,1a803655b665de47c5e9fd75,Capital One
BA001103,a91a228c49454a7fc4e1b995,PNC
BA001104,60a37d669796274089afff51,Capital One
BA001105,8ea36daa3e462a98443769a4,Capital One
BA001106,c2092a3786091ba845570620,Wells Fargo
BA001107,35eab51b538e9b2b0b3157f7,Chase
BA001108,2f74b9ff2e9a4196fda62426,PNC
BA001109,16a3023387d84a969821c36d,Bank of America
BA001110,156a898f7800c6b3884f2177,Wells Fargo
BA001111,70f8f9ad78515c012a706dff,Bank of America
BA001112,ee8fe6099c5b959c825afb90,Wells Fargo
BA001113,35e293845ef265fcb8a4ee89,Bank of America
BA001114,18d3e460cf627284f69768b7,Wells Fargo
BA001115,b9e4180f5421ef8705ef2388,Chase
BA001116,9ff56e7fea2e2009f584a096,TD Bank
BA001117,6a8a20e352efdbe9355f194d,Capital One
BA001118,e2ee395125a1cfee6ffb637c,Bank of America
BA001119,ade595ccfeeedfe0a7ac6282,Wells Fargo
BA001120,7d3898a0dcd54438d1439cd1,Chase
BA001121,40053984407bfdc669064d01,Chase
BA001122,412b28953f8f7a97199a0095,Capital One
BA001123,de12a23c2928b3ad1293991a,Wells Fargo
BA001124,ed6c9c12c31217edf35f4ec7,TD Bank
BA001125,bd0ac2efbb4aef607a399df9,Bank of America
BA001126,0b90fe4e27a65888ad5be7e7,TD Bank
BA001127,2ea1cd2c92480837ea0952af,PNC
BA001128,89fedefb16e482f620a7b3ea,PNC
BA001129,1dcef357693daba0891461f8,Citibank
BA001130,81776f6dcdfd85cff505cda1,Chase
BA001131,25b64456206c5aa984e010de,PNC
BA001132,ea4d6175cbf39c7f75f2fd49,Chase
BA001133,c864f6f4bb1b65813a020c7f,Capital One
BA001134,1b1bf23715b8dac848b2ed44,Wells Fargo
BA001135,c290142509b676bcb1746f81,Citibank
BA001136,d832dc07a5bb1ae12e334bd8,Citibank
BA001137,85abf2609e536877ca0eaf89,Citibank
BA001138,053b21c4aac2f7c51ec27b95,Wells Fargo
BA001139,f1731e310e61dedaa45f3f10,Bank of America
BA001140,8f389b71f1b4996ed241e161,Chase
BA001141,0afebc49960fdacb13811e9c,Wells Fargo
BA001142,ed0d2f716aabc8410ddd9fc9,PNC
BA001143,835a626d0aa0c70564726779,Citibank
BA001144,c87f6319211da67dd40b76bb,Chase
BA001145,c9d27eb00e952f5715ba8e7d,PNC
BA001146,c58d623b618b26d4ffee5e90,Chase
BA001147,418eee5dde97dbc37c58ce44,Citibank
BA001148,acd72c9d0d72ac505d00414d,Citibank
BA001149,30f1ee0bdd0da0034247bff7,Chase
BA001150,980b48f5a09fe0d4f155277d,Capital One
BA001151,0dfac757579e7e7106a3eb42,TD Bank
BA001152,f814443bc9ef3ede4d117041,TD Bank
BA001153,205cc89514f500f7972ce4bf,Chase
BA001154,644db0c35cf6df98e07749f2,Bank of America
BA001155,b58c13ce04122e6aee895d64,Bank of America
BA001156,c51ea7e0c84a043c5b5874ce,PNC
BA001157,2bff756e49ee66eaa461f5d0,Capital One
BA001158,6104c704465681414c99e3eb,Wells Fargo
BA001159,d5a705bd868208992e6472bf,Chase
BA001160,f8506dc018f6aea454ba1071,Bank of America
BA001161,267bd8d9f26fdee8e367c418,Chase
BA001162,d4b34523f4e942790c31e54d,Capital One
BA001163,44d825bfc3bf9f7875942c15,PNC
BA001164,3b67c23e89f0773853dcf845,Citibank
BA001165,581d8452462801d340d26488,Capital One
BA001166,3d57925e245ae0c5feba0a89,Capital One
BA001167,e40af4632d6879d07c10d808,PNC
BA001168,3e38700b01185f167568bf24,Capital One
BA001169,bd07a7ef5fc5144742a52980,Bank of America
BA001170,85cc7368b5a5cc42254757e7,PNC
BA001171,12ba6dcaa0068df25ef3dbfb,Capital One
BA001172,7c167ed1e9ed2f565e0ea1a2,Citibank
BA001173,d6f04b300ecc101e770827df,Citibank
BA001174,62cf353a67f73eddffeccce1,Citibank
BA001175,b7c713fc09ac943038a8e93c,Wells Fargo
BA001176,6dc5ed9de22f46c4a6b42224,PNC
BA001177,cee3c8850ce05a2b0b5209e2,Capital One
BA001178,ce1efaa353ef3c57b4c46c19,Citibank
BA001179,7ec86634e41fd03ee07203da,Wells Fargo
BA001180,63afba345aadec7692944593,Capital One
BA001181,dce516cd3c35c8a970c9116e,Capital One
BA001182,1d0753c459b0ed1e08c9d724,Chase
BA001183,a4893face9e5f7f3c4bc1d9c,Capital One
BA001184,d696161c98b569522881122d,TD Bank
BA001185,ff2685b320aebcf1d90db5be,Chase
BA001186,a930cb01073d95fa17301c8c,PNC
BA001187,376f79668c8d8034f64b07c0,Bank of America
BA001188,0e348e273bf9545427ef3d3c,TD Bank
BA001189,1b9de035df2616ad35ae5b3e,Bank of America
BA001190,4b78bd0099ad369f2c43d33a,Wells Fargo
BA001191,07fb70c8c6d9f22c0800e754,TD Bank
BA001192,2c2bbabc67edfea4b129e641,Chase
BA001193,0a5318fbcbba1079c28c188b,Bank of America
BA001194,7af3ba7fdf12019c17cbed69,Bank of America
BA001195,e00d822ee428337601999916,Bank of America
BA001196,55322aa5a8cdb2531cd24e44,Capital One
BA001197,fa49676bfcd7ec57519eba38,Chase
BA001198,70e23d206f838889f7205208,Bank of America
BA001199,8721498ac54ce725ae9d8810,Chase
BA001200,ced4a5dc1401c2eb27305a6e,Citibank
BA001201,e2772fcfb2f5ec88f5e43787,Citibank
BA001202,6f5870a07ca89c74995c9a51,TD Bank
BA001203,517ce2980836bcb4fbc0b0a9,Capital One
BA001204,1a01084d8259e5586374d8a0,Citibank
BA001205,4aa5d3afc7ed206524cb94e2,Wells Fargo
BA001206,72611fbee82b6d75037bcf0d,Chase
BA001207,3aebdf457cd44c2cd0ec1526,Bank of America
BA001208,1383a56950c5dbe79d9a6a32,Wells Fargo
BA001209,69f9009b440f8519126269d6,TD Bank
BA001210,0556cb0458a8b6577e319dbc,Wells Fargo
BA001211,82e34182987703b56f79fade,TD Bank
BA001212,3052761ca876fb52d78fa32a,PNC
BA001213,b0c9ff5d4671f96ff133f8cf,Citibank
BA001214,1a8245fbd28dea9b83302e67,Chase
BA001215,7b068900d07c762c993ceb30,TD Bank
BA001216,ad58dd8895505ab167a0085b,Bank of America
BA001217,c1044edbc950a20e0980fd68,Wells Fargo
BA001218,847db5c9bf07445c7b90f20c,PNC
BA001219,8c72866c9f5f3b04fb03c6b1,PNC
BA001220,b822b315cd97f45b09b3066a,TD Bank
BA001221,5ae752133fb91451f9ceacd9,Capital One
BA001222,1d38c397b40aba9150fd29fc,TD Bank
BA001223,8d91a77bbc6fe6607128b4d4,PNC
BA001224,926f3aedd716a77bb872a8d0,Bank of America
BA001225,23242477a9f192aa7727c54d,Citibank
BA001226,bd4dbce9beba9136215efdc3,Chase
BA001227,e0580be8947f468a287de052,Capital One
BA001228,1eb8606a3e38ba1eb1c62d91,Bank of America
BA001229,f5004ff2485129ec3c8012df,TD Bank
BA001230,0f03bae6d99107440ca36be9,Bank of America
BA001231,3ac2f0ccc41e0035d77c2bb8,Wells Fargo
BA001232,f691cd6d9c0885d88e7542a4,PNC
BA001233,d68c8a3325f067cfa2aef832,Bank of America
BA001234,65df4e06d97a838fd72d59d2,Chase
BA001235,1f3dd7d0b8a62cf8f4492037,Chase
BA001236,d0b188fa547c2c03302f1f58,Bank of America
BA001237,d10735f87d48d02a54c1a83d,PNC
BA001238,ee4c1fabaf55a0c8c3611cd8,Wells Fargo
BA001239,c9856f213a4622f700c5cb4a,Capital One
BA001240,64daf64ad5c95aceca040b78,TD Bank
BA001241,9e9f07925ad2bf9791923748,PNC
BA001242,fc5650572e9d2123f8a9d820,Capital One
BA001243,5d3f53e81c15b090a9b0f577,Wells Fargo
BA001244,d88c5afa47d21cb39bac2a5f,Citibank
BA001245,9f49fe3841ee4a2a8fa5b5cd,Chase
BA001246,f41656f7bfe2f96fecd757fa,Citibank
BA001247,ef1aef95ca09ee785c5fa060,TD Bank
BA001248,c2aaebbe3183a6e68d2ae439,Wells Fargo
BA001249,ece533aed899f881cad32190,TD Bank
BA001250,5b2aad6d6272a579c3f4dca4,Citibank
BA001251,4e767fe840bf35134f557717,Wells Fargo
BA001252,399880010552d79e26637846,Capital One
BA001253,86f0d8110ccb4bc7a980cf62,Capital One
BA001254,2c325791ced2efb83f01fba7,Citibank
BA001255,156ea1d379858adad551e524,Citibank
BA001256,e27888fb875c059baa07942f,Chase
BA001257,e95e63485778434e435deeac,Capital One
BA001258,5677b8a41797796f7ac9b9e4,Chase
BA001259,dd613ddcf3bc3fd0959a6627,Citibank
BA001260,44118e3b21b6ae6b12f547b3,TD Bank
BA001261,df980a7eeaf3fccce808bc9d,Wells Fargo
BA001262,6b23f156cbdf9bf66a7c8c5f,Capital One
BA001263,dd5ae7fa4da8452812ce8521,Wells Fargo
BA001264,86276d458f7176b5609baeaa,Chase
BA001265,cbb64d32a8c839a4957eca4f,Chase
BA001266,036d204142b73509c4fe059b,Bank of America
BA001267,12b60b551ce62f87173a9a46,TD Bank
BA001268,da09bb78c3f126680b4febc6,PNC
BA001269,35ab2da7dea704dce5974790,PNC
BA001270,76794e815e055f452e0c9c5a,Capital One
BA001271,0768988d39270fea9cd6f885,Capital One
BA001272,40cc323704bb058f7fe56ed0,Chase
BA001273,eee1716ed2c02fa95affb5dd,PNC
BA001274,0a9331c39f3be96805c3cfcf,TD Bank
BA001275,e26f283ee3bc8edbdfda1cf0,PNC
BA001276,0bb27a0171c8e4fc477b3cb7,Wells Fargo
BA001277,c97159928ba4f77ffb269181,Capital One
BA001278,5a3a5f5f438ae3b926778ecc,Chase
BA001279,1f476ba7208aa3b18194f4fd,PNC
BA001280,ee4ca6241a11fe6aa29fc472,PNC
BA001281,fac52d4e69878540cf955221,Bank of America
BA001282,7175f650aa29a6932999a2f2,Citibank
BA001283,9b8030cc62b60bd3e6401f07,Capital One
BA001284,bd52c27bb222f10bba5c32ca,TD Bank
BA001285,2794c516b323328c1a11f9ee,Citibank
BA001286,5139695076e5386133e0d276,Wells Fargo
BA001287,c2d2e8122ec0ca2899baa8bb,Bank of America
BA001288,22361821c058dca0ada8e7c7,Capital One
BA001289,b07d26574733799ec568cc18,Citibank
BA001290,a748badae491ad13247f0af4,TD Bank
BA001291,62d8f311660c3b9a21fb9f5e,PNC
BA001292,0924617c191617cabf7ad17a,Citibank
BA001293,2a75b4094c44a76b8d44cd02,Chase
BA001294,42218918096cc63ce39b0c8f,Citibank
BA001295,f997ccb03f9c443a52e85999,Wells Fargo
BA001296,bc99bd7dcfb7ec8fd73e25fe,Citibank
BA001297,f2d8fa80e916cd4de4b4369e,Wells Fargo
BA001298,d734199a81c8d507ccacd21e,Wells Fargo
BA001299,fbe92e97cf91e9d4ec996862,TD Bank
BA001300,434c5cbed8217935e0f2e9d4,Chase
BA001301,6138becd0c0e747f10f26025,PNC
BA001302,480946794b3a4e7b2f0902a0,Bank of America
BA001303,89e6b894413ee7248903f352,Wells Fargo
BA001304,ff76f54595d26d7ee869e118,Citibank
BA001305,54c780a5d989454f58a67eeb,TD Bank
BA001306,1a1f9aed57c8e7aed9c67897,Citibank
BA001307,c666838c4a614fdced967715,Wells Fargo
BA001308,d5b6ad20ea8043e30fd607ca,TD Bank
BA001309,8f4f04e230f876d02c2ea546,Citibank
BA001310,cb78e5641c976bce06671eb5,PNC
BA001311,d633272528cd750928688c9c,PNC
BA001312,8eef940b1679d7345120c189,Capital One
BA001313,45feab77ee4afa074950a361,Chase
BA001314,5b5681b2a3370dc81c441d76,Citibank
BA001315,74f0c9e8c6f74dd697013592,Chase
BA001316,e42e1d855fc2d9fcf3aa1347,Wells Fargo
BA001317,67f2d5d7aefa2fc52a8c0b70,Wells Fargo
BA001318,04afb5ef4228bc25e832d125,Wells Fargo
BA001319,bdaa2cd72d9e649ca2e754c8,Chase
BA001320,fc5bb6b0683544486c96cea1,PNC
BA001321,9f7002797c35ffb438150903,Citibank
BA001322,3de820ddce952a4931cadcea,PNC
BA001323,a768e3a07a495dcb84e622a8,Capital One
BA001324,e0ba252360bbecef4f804f1f,PNC
BA001325,b45a11b8ea0b0c7fd1fc5bfd,Chase
BA001326,0ed9f2bfd4dbdee98ec8d6b9,TD Bank
BA001327,df7395e8d5bfc7a26bbae161,PNC
BA001328,6d30a110fc847bb0b1ecd317,Capital One
BA001329,1ae3efe5c606227a87856483,Citibank
BA001330,a1d1221ebaca29c2201d2176,Citibank
BA001331,cbbb2c7b795d44a740b736c0,Chase
BA001332,7347df06d6c3d210b6bb15d3,Bank of America
BA001333,825a682e6b95ca3aec8709c7,Capital One
BA001334,84906647c304ef31d6c7c366,Wells Fargo
BA001335,75f7179a478d30f704da3581,Capital One
BA001336,661b6622a9c24608e5419eac,PNC
BA001337,fc70cdba4d791544ace8dfaa,Citibank
BA001338,e0c5d1c2ec29a8f38c4e77eb,TD Bank
BA001339,5c3bd2d6feb0219c032fd354,Citibank
BA001340,d0d1b13e62134d1c525eaf9d,PNC
BA001341,57948eac395313bf778e2cab,Chase
BA001342,1301e1db05dde6f064a219b6,Bank of America
BA001343,f5a5ddaacc93f12345edaf33,Wells Fargo
BA001344,0e0cdcef77b85b162cc7e3e7,Capital One
BA001345,838be304bddccf63b5aa06c7,Bank of America
BA001346,13e07440ec63f50fcdc00933,Wells Fargo
BA001347,8a4e15f486caf5ae62f68d4a,Citibank
BA001348,422ed0a8760f2903c221492c,TD Bank
BA001349,22e949673703c88ad902591b,Citibank
BA001350,4a8a94a6956fc84117e6fd4e,Chase
BA001351,05b9866e1774bd9c27f59e07,Chase
BA001352,00ce26a3beeb833af04661ed,TD Bank
BA001353,fdd2490c7a708bd405d78813,Capital One
BA001354,73982235241508e5fa696683,PNC
BA001355,48640af45415614ac0cf1514,Bank of America
BA001356,555e53804c50b4cce07f9d82,TD Bank
BA001357,b1b5d4234e19ed5a299b0b08,Bank of America
BA001358,97db125f3b86f426ea876810,Wells Fargo
BA001359,57ccf0264c7f62e0e66a5e8f,Capital One
BA001360,d3e89c4bbfc54167c6b4025f,Chase
BA001361,7243b65e8dcc8bd6a0d0163e,Capital One
BA001362,aedd602f3cd6027a29f83e0a,Citibank
BA001363,61d291b577dc13ee9c63cb9a,Chase
BA001364,36574520ffed535d962ef0cd,Bank of America
BA001365,842acc92fcc0284ea3c97d56,PNC
BA001366,70f8ad41221efd74e92c45f1,Chase
BA001367,65f2c008257d5606c5a76ceb,Citibank
BA001368,1941110b155190e228a5740e,Chase
BA001369,5e986be6c7f606d5177b81b4,TD Bank
BA001370,131861ed4c823b2a0aa3a20e,PNC
BA001371,f9c04a25f757d59caae7d3b6,Bank of America
BA001372,8dd2177a8464eb097b12ec91,Citibank
BA001373,010bbffec759f0e32bbf60f5,TD Bank
BA001374,491f794e61b8f6faa51bc99d,Wells Fargo
BA001375,49868ad5a5311b17b8ce6a8c,Capital One
BA001376,74d92d704ecf7a05f8bb6dee,TD Bank
BA001377,890d9af89334c94e8d251bf8,Wells Fargo
BA001378,875f3e9516fbed1a33a4a557,Citibank
BA001379,5efb70020e20dafc51a31b92,PNC
BA001380,06d7dd9b6518c55c22e85f7b,Citibank
BA001381,73dc8d37b4a31b314ed98fae,Citibank
BA001382,81326b87fe35aac7f242084d,Bank of America
BA001383,00fa764ed7645d8bbe119ab8,Citibank
BA001384,3521c035fa99d2ccd080ee57,Capital One
BA001385,aa580717fb407dc26808608e,Bank of America
BA001386,f9e40768eba7ed1c68c16a6e,Citibank
BA001387,654afac5522c68ec970220bb,Bank of America
BA001388,4db04b4688dac07e928f2e62,Capital One
BA001389,cc613e53a28b34bcde82a8f2,Capital One
BA001390,a84f45ccc10706ae67057032,TD Bank
BA001391,b231bcb192476b5f21257920,Bank of America
BA001392,99916c22dc4b0df25ba7a659,PNC
BA001393,3d676619b297b444078ba972,Chase
BA001394,367fec36db7340fdb733ef72,Wells Fargo
BA001395,4549cd7103265fc3cf2e8f65,PNC
BA001396,bddd221c4f91613a2ff87736,PNC
BA001397,f83b51599001d2c45d27c0c2,PNC
BA001398,8e45f0bd5d10ad2498accf82,Citibank
BA001399,850627e08db900789cce92c1,Wells Fargo
BA001400,e575c199180115eb82fb17a3,PNC
BA001401,6222f94269dcbe6aafd3889b,Capital One
BA001402,e80d26ce04092d442962c8c8,Wells Fargo
BA001403,6d7c180078e6b3e12b0cb22f,PNC
BA001404,05746a958c31e541ea2629b6,Chase
BA001405,bfa58644b536e057f0d22f06,Wells Fargo
BA001406,171504fc1dcb6090b2d3743f,TD Bank
BA001407,cd7e351cc51dc5e79e0481ba,Wells Fargo
BA001408,ae150f440110ce0b8e2b9b4a,PNC
BA001409,066a6fbf4577c4bb8d460b85,Capital One
BA001410,ce547486284ea9fbf11d096c,Capital One
BA001411,cb6248e8f5c2a6bb63b39dca,TD Bank
BA001412,a1093d59aab04e800a3919d4,Citibank
BA001413,9532e869543c59692c7b3adb,PNC
BA001414,a7f34ba63a91a9ec1b5fe2b9,Bank of America
BA001415,8ee8f7ea93ad258c139df29c,Citibank
BA001416,d1b90f2cc669294755a76c3d,Capital One
BA001417,85d7ad44e44f6ff7c44c484b,Citibank
BA001418,a95bc34e02f9af6a1d529246,Wells Fargo
BA001419,7fecc2fa5e30111b4703b73d,Wells Fargo
BA001420,24af60fee8c6163128a3b0e0,Capital One
BA001421,55109d0f10b8fba514d2289e,PNC
BA001422,b8535213c12df9a657f1683c,Capital One
BA001423,5fb7c968afb84b112ecaf6f3,Citibank
BA001424,8d7b22317ceeb95d58566481,Citibank
BA001425,f7b5aa0d240dbd4d4994b0cc,Wells Fargo
BA001426,47a7e3c18c73f048b207297b,PNC
BA001427,efafb7fa8faefe21361d496a,Bank of America
BA001428,d83120a505c914bec48db4ef,TD Bank
BA001429,a0822a589b59f7d0fc2e7254,Bank of America
BA001430,aa5beef77208e5351a9dabaf,Capital One
BA001431,1fe2fae191987a216f90309f,Citibank
BA001432,45f7a2552c6d9d5bd7370545,Bank of America
BA001433,685cf0a0d493e4d682991039,PNC
BA001434,e25b7fb7c2b42a059925d3c3,PNC
BA001435,cf6df3827b2d4d27a0248418,Citibank
BA001436,13fe6b0979dd8cf9003532aa,Chase
BA001437,57bfa154381d16b4083f716f,Wells Fargo
BA001438,94894bde8a2785e6096ef0fe,TD Bank
BA001439,103880a68e2ca60871a1a6dd,Citibank
BA001440,2b66070eae2df80fd85fd818,TD Bank
BA001441,48d39f548ebb8f2a47d2452c,PNC
BA001442,2dc78cef19c3d4496f7d6463,Citibank
BA001443,bb98146541a0881de0835690,Citibank
BA001444,a6c27c7a6bd9634c19ffc4ab,TD Bank
BA001445,1b50f0bfad989fa64fd2e4aa,PNC
BA001446,ae0b05c25736b0012866e6eb,PNC
BA001447,c19b01521f5449038636c03d,TD Bank
BA001448,d86ca9182094db730296a39d,Bank of America
BA001449,330ef1a621973cf4eefbf6ca,Citibank
BA001450,7ffd377d380c864c540dfb99,Chase
BA001451,182fa729a4856970d51ed8c3,Bank of America
BA001452,24c3edb4730e58d21f05de91,Capital One
BA001453,fe95261ba105bab2ea6ab0dc,Capital One
BA001454,c7ccc310c91d96183baf62b7,Wells Fargo
BA001455,77f63f218727a7f33b625b09,PNC
BA001456,d23d8f3eeaf5d2e7108a4ed8,Chase
BA001457,8e16328fa8ace2ec9ee6e0e5,PNC
BA001458,fe51fc2747230502af76126d,PNC
BA001459,d10491d6ccc14c62c8866667,Citibank
BA001460,04c2a18ce638030185e2bb69,Chase
BA001461,b51a3d3d9ac2b1490fb08e51,Capital One
BA001462,276c4fab6244e60707f95988,Citibank
BA001463,f9518abd3efb5ceb36f180d3,Chase
BA001464,4b4abd08126582b0bf8d3dc4,TD Bank
BA001465,083c40272c729c218cb79bd6,Bank of America
BA001466,3c40c511aa094e28d8c80935,Citibank
BA001467,6cf5d314a062a6ea16eeaa3e,PNC
BA001468,b04eaf49c25edf14b101e625,TD Bank
BA001469,7ab579d7366e1ac3e1d7cfde,Bank of America
BA001470,121be84426a4cb8d4481b60c,Chase
BA001471,1ee304b675209ed9cd9f3ee6,Citibank
BA001472,e2eff81db1189a7d6204249f,PNC
BA001473,8130a400893090e2196bd718,Wells Fargo
BA001474,cdd4eaf4b618fdda88b0c461,Wells Fargo
BA001475,605764c702de749dacc0e872,Capital One
BA001476,97566c9cf191cb8ce95d95bd,TD Bank
BA001477,c631598091c16e3a9a73d492,Citibank
BA001478,9c37b62ed7f1b829a74e2670,TD Bank
BA001479,1fea97864fd9b3bd43169beb,Chase
BA001480,3d09cab17aa4a7df8b055234,PNC
BA001481,8c5387105239138592a8c8e9,Wells Fargo
BA001482,bbd3d4a4058cba6e1c0d110f,PNC
BA001483,49d7c468bdc73d5a162eb95e,TD Bank
BA001484,8f03104ca47709f25cad157d,PNC
BA001485,c05d4e0503453e31e7eb1e2b,Capital One
BA001486,bd2587598a6cdb5482635571,Citibank
BA001487,d1166d111a9c1d871789de7c,Wells Fargo
BA001488,fc2c5f1a956bc740584f5ed9,TD Bank
BA001489,532464d403c4658b0239b4c6,TD Bank
BA001490,5c31e7a59b79ef660f7de995,PNC
BA001491,369e61d4573c74a66c284027,Citibank
BA001492,f94cd3ed5b6c7bd800efaafb,PNC
BA001493,2d11b556bd354da095466dee,Capital One
BA001494,f995c8579641e68cfc42c571,Chase
BA001495,f6537f0c5ad5ad8774a3954c,Capital One
BA001496,97544464f87416bb887d4d02,Chase
BA001497,7e8690fd8c02837e67a515b9,Bank of America
BA001498,711b163dc3d3c412001c676c,TD Bank
BA001499,f084e3a4f23d8f4c1b4c5071,TD Bank
BA001500,6bb6a496f70a85727ed8b225,Wells Fargo
BA001501,1079363b3ed8ea05fcbd5ab6,Bank of America
BA001502,85409c0ac3b6395e80983162,TD Bank
BA001503,f9b111154e89d3d4161898da,Chase
BA001504,f216b9e0726614fed99e2e00,Citibank
BA001505,81e8c6ef3ceb348e67b5aca5,Chase
BA001506,11d6a3a2a1e83b4c2a867273,PNC
BA001507,c99736d897a2354c695a35c1,TD Bank
BA001508,3ffc6f3d820f7d03481092e3,TD Bank
BA001509,188d102447d48a846620b81e,PNC
BA001510,5d8fed290fdfcfc831de0af7,Chase
BA001511,001f3f8a3fef3a597c3893dc,Citibank
BA001512,4bd987794f7a7a461bd49ec0,Bank of America
BA001513,35e438e65a647783aa49af2f,TD Bank
BA001514,37665bdf7afb4a300d0797ea,Wells Fargo
BA001515,9b87ffe191519fe6cc3af263,Chase
BA001516,8caf9df3b6e16082af756c95,Chase
BA001517,6534ceb1d87cd46a099de5f0,Wells Fargo
BA001518,ba55354c34b616367356de6d,PNC
BA001519,42f935a560d346218feacf92,Chase
BA001520,b62c336a496cb1525bf0e30b,Wells Fargo
BA001521,fc41a4e8cd956b406e4c6502,Wells Fargo
BA001522,5869baad41c180dc614e3d7e,Wells Fargo
BA001523,aba47b0f148f4010b4d642e1,Citibank
BA001524,24efeaf399d0fb198c819aa8,Bank of America
BA001525,07eaf5e4105f6301377774a4,Bank of America
BA001526,f5db5292bb7d02ef5bc09f9a,Capital One
BA001527,6c64a0bf3a8881c095edf67c,Citibank
BA001528,eac61f096eb285c679c343d6,Capital One
BA001529,ae08c9cb51b5129f94c3f6df,TD Bank
BA001530,7c244a10591223807bda032c,PNC
BA001531,638513a119959da0d7cbb96d,Bank of America
BA001532,fe174a4b3f5e33f9465b5f36,Bank of America
BA001533,3737907b3b388b81176994ba,Bank of America
BA001534,1e8642c0ef5542c3f4e0e8b4,Chase
BA001535,58a663703691b8949a3afb97,Capital One
BA001536,6a97930af93239bb2999b5bd,PNC
BA001537,ce55c06f8866c4c7802e9077,Citibank
BA001538,06b32062634ded1c2ae8d58b,Capital One
BA001539,eb9e33faa562eb6542ad487f,TD Bank
BA001540,fb52826584d7171fea749140,Bank of America
BA001541,4b3152ac79b553ed2ff5e974,Citibank
BA001542,50c165132db4dd0e194707e9,Capital One
BA001543,daf929b0339ad0cff85b16ca,Bank of America
BA001544,5bd8eaeb170218a597330f4c,Bank of America
BA001545,1f0cdc0b1f1634c11fa489c3,Citibank
BA001546,2fb6e41144b6290d31ecffb0,TD Bank
BA001547,a0092efce41d3f135b782477,Wells Fargo
BA001548,720501fb0d482984bfd447bd,Citibank
BA001549,10b21c333d9f4d5756bd5339,Wells Fargo
BA001550,b012241861e70037c6959384,TD Bank
BA001551,9c841851661df51af7bb96f3,Chase
BA001552,9c2c69a384d912e0f24b4b39,PNC
BA001553,616d293df356a0b61a5651c7,Citibank
BA001554,d61d371b72f52900f0e28aea,Wells Fargo
BA001555,4463f1e1188bc067ae10e32d,TD Bank
BA001556,87762d5fa20aa2adf9ca325d,Capital One
BA001557,e8a6bdf05e844ad774a98a36,Bank of America
BA001558,bf60442d232e913417a38a37,Chase
BA001559,1f7c0a7e4f236f9d4ac3785c,Citibank
BA001560,3cfc24286ae57e99cd9586f1,Wells Fargo
BA001561,1585685634272863ee1e5d8b,Capital One
BA001562,3c8e98602a7edef6adfd1043,Wells Fargo
BA001563,479ced6553ef67c2aac9e538,TD Bank
BA001564,e16bca337be1493b9d313fd6,Citibank
BA001565,1ee074f7cd541f3c29c26f09,TD Bank
BA001566,2dd850b48c3372016749d0fe,Wells Fargo
BA001567,94a89a9f63eeac4cafbde92c,Citibank
BA001568,1131507e5cb8571df45b2a74,PNC
BA001569,6502158451545f1e451640d0,Wells Fargo
BA001570,982e5f394777c1674b1e9263,Bank of America
BA001571,ef516617a5a93efd8c571bf4,Citibank
BA001572,4786120aea83acf81fb13ef9,PNC
BA001573,723c7f1bdee10a82c81da255,Citibank
BA001574,c4c615e2c47afd66ba5a93df,Chase
BA001575,a41c5b5f3ecadcd043909b41,Bank of America
BA001576,78b51c8ee9163aa59a2acfab,Citibank
BA001577,5543a12903a18f7f4ca29c65,Capital One
BA001578,78073f741917868beffa55c0,Wells Fargo
BA001579,4f288cfc79781f8d7898832e,Capital One
BA001580,f9490787448862c31542655f,Wells Fargo
BA001581,f0b3d0d612d490722c15eefa,TD Bank
BA001582,07441eea57aafa569e360eaf,Wells Fargo
BA001583,ea26cdef8c1cf6574ee8545d,Chase
BA001584,f2aa604d23ab64041ad78183,PNC
BA001585,6c82913fe037df8330361825,TD Bank
BA001586,e362f8129f4d27bc9103bda3,Citibank
BA001587,df826465f7c12298f5c899e6,Wells Fargo
BA001588,469664a8fd95f221ba45ba7a,Chase
BA001589,81a5c2a433738ed70fd06e0b,Capital One
BA001590,f0b191bea17c667c3bc15dfd,PNC
BA001591,65404d1c5ca7638972b29f80,TD Bank
BA001592,a85b2613744e43a2d98d8f82,PNC
BA001593,ffa1d41981c74bd4b25d6a38,TD Bank
BA001594,822a7cdc5ef2951796afa2f6,Chase
BA001595,c11da94813d55cfa490a97d7,Capital One
BA001596,289e6225cde06a2658666d12,TD Bank
BA001597,952f03e202d42d5e90c17e8a,Citibank
BA001598,bce7acfe2f8cd965a9703cd3,PNC
BA001599,9ae1590cef01ea0996ff4f14,Wells Fargo
BA001600,1e971117ef29e9f9077447c6,PNC
BA001601,2f9ed5740ce06da290976d28,PNC
BA001602,c4d614af6e20d46e1f8b3547,Bank of America
BA001603,3dd5b5a3e070b387cb2d3ba1,Capital One
BA001604,e197972ed91e69a4a13aad90,PNC
BA001605,b2457632e45a8a4f0fe180d0,Wells Fargo
BA001606,f511b86e002c867bc07b98dd,Bank of America
BA001607,c8f7fbbf80cfbadce0366fd7,TD Bank
BA001608,6ab0e541cf9653cbc481c75c,Bank of America
BA001609,9b6788d0c7568d3ddd8f405a,Capital One
BA001610,f45e78ebe4f43ed13ac7448d,Wells Fargo
BA001611,079df9da09d0a7bd68585926,TD Bank
BA001612,7d034e5ae7d2983cad3e05a0,PNC
BA001613,5c2da78ac17f056590d24acf,TD Bank
BA001614,8a492fe58511ed46eae48505,PNC
BA001615,624d6b7c4fc67689f45147d7,TD Bank
BA001616,78e8c44b96350e7c97863dfa,TD Bank
BA001617,7e7adf7d0544f3ef8d140aee,PNC
BA001618,8fba47a7164146738b4f5afa,Bank of America
BA001619,396ee2ce07703be91829cdb1,TD Bank
BA001620,f93042c5a8dc0dbc9f93263d,Chase
BA001621,b732828dec27e2b52ae6e8b4,TD Bank
BA001622,8ba8a14b77805b8f923945b9,TD Bank
BA001623,6e33e08a45beda0abee7cd5a,Chase
BA001624,b27b2bf77729b74cf6faa800,Wells Fargo
BA001625,4cd3fcb8db48aac1ad633f85,PNC
BA001626,65a4ce13269186d665ac2fc1,Citibank
BA001627,62953ef4721f23173c6d8021,Chase
BA001628,936ecad85ce07be0769d2361,Capital One
BA001629,f326a904f9ce95f301228a45,Wells Fargo
BA001630,4fdffb81c6009878cb239ca9,TD Bank
BA001631,545a102988180bb518239643,Bank of America
BA001632,8dd46b048e10619bcac18541,Chase
BA001633,11533cdcd9748e2be5cf9c92,Wells Fargo
BA001634,d151d06dfcaaaa89627118e9,Wells Fargo
BA001635,b6deab837ad0bd6ddab09bf2,TD Bank
BA001636,3a7db870cfa9e6056bde4d2c,Citibank
BA001637,487b8077e6d4dd91adc8af0b,Bank of America
BA001638,086481bbefa8eb5053b70042,Bank of America
BA001639,f6ecef9e3ba63bb8059e9b54,Bank of America
BA001640,7df62f6cf441e9be79ee76cc,PNC
BA001641,35cfe177950d2d684ff63cac,Capital One
BA001642,7503a32f763181169b51b9dc,Wells Fargo
BA001643,3f95fe6cd29022c8ff44eacf,Capital One
BA001644,351f905d1ea1b111bd4e5729,Capital One
BA001645,6b1a6e276a431c7a188ad846,Wells Fargo
BA001646,cc6f83f2642acded51a07554,PNC
BA001647,6c0f5975322180cbcd34b654,Bank of America
BA001648,08abcc27fc181ef15e1cb8d4,Wells Fargo
BA001649,0a3f8206a9efb7020678d7f1,PNC
BA001650,e2b1cdf1016a9d49a1063bd3,Citibank
BA001651,6147168a2b97ce91fbc3063d,PNC
BA001652,12c14a2d7999fa7b8bda930d,Wells Fargo
BA001653,d68a0d479bbca4d3a76a722d,TD Bank
BA001654,662c9ea34495a8603ff7fe3a,PNC
BA001655,909d337a6f24b757a6c88a04,Wells Fargo
BA001656,5b09a20a263cbd714aaa006e,PNC
BA001657,7521ebc0c435c24fe123a6b0,Chase
BA001658,f9ad5ef4cfe14078ce258db5,Citibank
BA001659,6c0568a8b543259ca3f6c6b9,Chase
BA001660,9f92eeec33df1aede994ab70,Bank of America
BA001661,ab0527145ed35196da1c015b,PNC
BA001662,12cd315f974d25c46cbf3a6d,Bank of America
BA001663,163335c4f0eb08fd79a6090b,PNC
BA001664,9eba3e2c9ec59e616e990533,TD Bank
BA001665,c1998f79a4c36ac1d71e0675,TD Bank
BA001666,ea6f3b07adac6d3e5667a93d,TD Bank
BA001667,dde01e9864ff478c082e66fd,Citibank
BA001668,d7dc49ef308269187dd30ced,PNC
BA001669,4db43f08f4fd3670b470e631,PNC
BA001670,7aed3aadf87deaf0ce28fccb,Capital One
BA001671,d3ac351b0248a25ceca4118e,Wells Fargo
BA001672,5e2e8b1d79b7494a7e22a387,Chase
BA001673,82b82298816c7085414eb34e,PNC
BA001674,c5cb0f27cb8c729224449a60,Citibank
BA001675,e484a4da3b4e3831495289a9,Chase
BA001676,789fce02934282f74e4670cc,Wells Fargo
BA001677,a8a384239b5c4441e476ba9a,Capital One
BA001678,d382ac8a697db0e65b94c91e,Chase
BA001679,a49b8dc67fd77cafe19da9af,Citibank
BA001680,906fc47c4a853ae6f32790e7,Wells Fargo
BA001681,68f7e99d13cb58de0ab70c57,TD Bank
BA001682,6bd925b1145c507e53d8e1d6,TD Bank
BA001683,6220982720ed813216b5b035,TD Bank
BA001684,4a7957f122c74f12eb53359f,Wells Fargo
BA001685,d8e29e1bbac8229c132a6b8f,Capital One
BA001686,ea7c76164808e4317c02aa0a,Citibank
BA001687,376e3bdb450232a3223bd460,PNC
BA001688,9c1eb438ecc99fe0202a74a9,TD Bank
BA001689,d22e55d5af73a1c717703851,Wells Fargo
BA001690,8516192e2fedf28b7246e1bc,Chase
BA001691,59df9133ebf62a895d2a6ba2,TD Bank
BA001692,6c1f200aee562cd91c445165,Bank of America
BA001693,a82e57bbd83d39958c6b7626,Citibank
BA001694,c227f0c29abb2602e0d6f28b,Chase
BA001695,df7031682953a7fda1ec9533,Capital One
BA001696,4125e14c330d839ecc4c87aa,Capital One
BA001697,a16fe37d601e8a0536c5ae30,Wells Fargo
BA001698,1188e265685a0fde0516bb4a,Capital One
BA001699,07ce4f337974a671fe87de1b,Bank of America
BA001700,ff58ec744cae211e5e862827,TD Bank
BA001701,0ac355839950b55f88285ed3,Chase
BA001702,6c69e301dcd19f8a4b604c5d,TD Bank
BA001703,98a1f11bab50baba79b529fc,PNC
BA001704,6342450eb9833f2143928a14,Citibank
BA001705,9950b6b8ed132de8d2479a4e,TD Bank
BA001706,876c0a31b7e75f6e5917cd31,Wells Fargo
BA001707,ab10e232af566f83cd62c09f,TD Bank
BA001708,6344a707ebb8b599fed8038f,Citibank
BA001709,f0f3eed6400247e971779d06,Chase
BA001710,66d08d3490b2c18d86d5bfb6,Bank of America
BA001711,128b29cd4981e3160ba6a1c7,Chase
BA001712,c383b00750eb4e6ec76c0cc6,Chase
BA001713,6489a08fc64993c3719dbe38,Wells Fargo
BA001714,c034f1898a88090454c229f6,Citibank
BA001715,024f39eda2f33f691d0e2eb8,Chase
BA001716,ea40e99dc1791a814c2984b4,Chase
BA001717,cf975e050c32aa6d23e9059f,Bank of America
BA001718,bf9c1e14aefe961300e07e2b,Capital One
BA001719,7083814d6061e0a5425c0abf,Bank of America
BA001720,678dab09243ca2266fe1190a,Citibank
BA001721,c04d841cb0101715a9bd93ec,Citibank
BA001722,8220f3aa1705773b83fe6edc,Wells Fargo
BA001723,4cade77f95986c7ba26b46d6,TD Bank
BA001724,c5d7861dfd47b3b1dfe67c77,TD Bank
BA001725,b3f601a015c616ccf16c7a3b,TD Bank
BA001726,91065a2817c47dccce87aaf5,Capital One
BA001727,73bf4667a7f6436968e9ce62,Citibank
BA001728,4bb532299d52b6f44559224c,Capital One
BA001729,b286b3f8c2ac10a5b8c1b7a5,TD Bank
BA001730,0eefe32a3ff923769c8eac7e,TD Bank
BA001731,b4084cb56b6a5583f4ef250a,Bank of America
BA001732,d47249f91d258b857b53a91d,Citibank
BA001733,7b9e9d9eba6a0bedfa507c92,TD Bank
BA001734,1da71e303ccc3136b245ea91,Chase
BA001735,16bb94a352178c730de8124c,PNC
BA001736,3c2583af113f25a6253c7143,Citibank
BA001737,ebaa16e5e45eb704634deb96,Capital One
BA001738,d206e886e8e92d34db7ca599,Citibank
BA001739,bd49f38a72e8ac48feaa560d,Wells Fargo
BA001740,e10c7a6b8e15b56cb8931d2c,Chase
BA001741,35c6cb24c63f7629923d40ec,TD Bank
BA001742,027511e71b039b8a57217f65,Wells Fargo
BA001743,4418d3c2ea06504f8a4721cd,Bank of America
BA001744,ef59cd321371385a3fedd0bb,Citibank
BA001745,06082b881c2aef96f5992f4f,Citibank
BA001746,ba578c008916e80b87fae06b,Bank of America
BA001747,0fdf0684ac53d85fe2944b12,PNC
BA001748,c6102e5e89045baf53419c8c,Wells Fargo
BA001749,f0b5f2a530d7449512da5c07,Chase
BA001750,2d143ede1715bdee56726fbf,TD Bank
BA001751,fc277f2aa8884dfd0e58d7d1,Wells Fargo
BA001752,6d20af9c4ea8b124556563a8,Capital One
BA001753,6eaa5cf75c06097d67daa5c2,TD Bank
BA001754,b8874dd275c32a4497f4aca4,Wells Fargo
BA001755,9a363983b7454a6b3bca25d7,Chase
BA001756,1092aa6a79ae544563fe446a,Citibank
BA001757,5a015b1c81d2e85ae8a23b4b,Wells Fargo
BA001758,30c67a59f05b877e91febb5a,Bank of America
BA001759,8eae4c7d3fc0e1ea4c6797b8,Chase
BA001760,cb50d5bde990185ca6dfa94f,PNC
BA001761,5b8909aa991067ee3f871cbf,PNC
BA001762,a2ffcc82228a27bfc7d80e19,Citibank
BA001763,da1ac2520aae9d0dbc7d1320,Chase
BA001764,943ad98d80590c1e01ad04a5,TD Bank
BA001765,293162972e7428263b98d8af,Bank of America
BA001766,ef41f54609fcaf35346604d9,TD Bank
BA001767,b0e317536480278ab10523db,TD Bank
BA001768,98678e42c796420210302c4c,Capital One
BA001769,fef7b30dc2607f29ac51c109,Chase
BA001770,a630592e9673a3e83facc3ac,Chase
BA001771,b2f68de0eada90cf7c157494,PNC
BA001772,a2d5853173cbdf56d034f399,Wells Fargo
BA001773,ab0bc86751fcf1a3a38a9232,Bank of America
BA001774,0d98de5335a9c9ef7fb4b321,Bank of America
BA001775,aebe4a1b4f6026b8d0225620,PNC
BA001776,61db2ed1fef5f1f0f5b018a8,Capital One
BA001777,41ed14108190cd515f98d3e6,Bank of America
BA001778,332a9aa59f2e6ae940c51e28,Chase
BA001779,5fe9afcadab3006865d05eb7,PNC
BA001780,cdc5f38913fc2fc4a3b1ff19,PNC
BA001781,b5afc24558a188abaae7850d,Capital One
BA001782,ab976e0add39cf0f0cc2fe79,Bank of America
BA001783,c438a1e40fc8532dea45ee33,Capital One
BA001784,3e2bcb3b40448a25a0fa41aa,Bank of America
BA001785,5fa03a6577abcb03ae57daf9,PNC
BA001786,63d5041b833d1fe796dfc6df,PNC
BA001787,040a28aedfefc2e0d8dff222,Bank of America
BA001788,f64d95841648d4e1ac4b2048,Wells Fargo
BA001789,59afb57d29b67733688382e5,PNC
BA001790,d2ad1cd8a5f41ca16d6175d9,Bank of America
BA001791,5776d1f18b5b79f1122b008e,PNC
BA001792,6da05067c660f1d75850c9b4,Capital One
BA001793,9c2e114db4be2160171852ea,Chase
BA001794,a0980cd4cbc79ba50f992af4,Wells Fargo
BA001795,b154ad1362697d5ef22611d1,PNC
BA001796,15228e350bfd078ad17210b6,Bank of America
BA001797,228ed44f14e18584808162cd,Bank of America
BA001798,192844759492694ba08ed29b,Capital One
BA001799,b5a3d2337c465c25a8610e7b,Wells Fargo
BA001800,89c806d1a344dc30ec8297c1,PNC
BA001801,718b861657d4a8f932aaa2de,Bank of America
BA001802,d351695552acb8218c864b36,Chase
BA001803,4c24d8483083540256214790,TD Bank
BA001804,3e84c1ab95ec2beb1edf707e,PNC
BA001805,c1d5c3e5fe871884af07a458,Chase
BA001806,7601007d597acaa3aaf95c5f,Bank of America
BA001807,55fd8a207be248fda15f4e26,Chase
BA001808,e0509e2c30bc18bc8d00dd77,Wells Fargo
BA001809,5c2fba5a5c625b23fe3399b0,PNC
BA001810,9326cc8a853d0fe4170988a6,PNC
BA001811,36613ea7a19fa10c0bb709fc,Bank of America
BA001812,a32529c0777cfa1f6e5fc96a,Capital One
BA001813,29c7bb18d30f76e3dae8e41e,Wells Fargo
BA001814,73d682b3025d6fc93a577d1b,Chase
BA001815,78494e411dec3fbedad26a73,Bank of America
BA001816,a703fb9fb6ce53ee04fe83cd,Wells Fargo
BA001817,9a16e0010bd14ee259e14b11,Chase
BA001818,a1f0db7c946ee4d16e64fdd6,Bank of America
BA001819,6b7bc9b9ad0ea3b46c2c8869,TD Bank
BA001820,81797785634d1b99932bdf7d,Citibank
BA001821,281ca362e3b4259ed8ea2ebc,Capital One
BA001822,c936dc4f1b88aa7f7b092425,Chase
BA001823,ed3430ab9a5cd578ac94e626,TD Bank
BA001824,bed88e066de06e880d8cf847,Chase
BA001825,c955777cd458706bd750ef5a,Citibank
BA001826,6a50171e3eb62e51a460c3fe,Citibank
BA001827,f4840885132bf1cb0fd2833f,PNC
BA001828,ec4130869b7b6b7ee383e5b9,Wells Fargo
BA001829,66c125b221263bca79f3654b,Capital One
BA001830,29ce829a45db20a6af0f475c,Capital One
BA001831,f37c6effc90a2ddd1b7038fa,Chase
BA001832,a5ff6562c3fb516b2b8e9ac1,Citibank
BA001833,c24cf3bdadc3bea59537030a,Capital One
BA001834,c6d45149d316b846da93edbb,Bank of America
BA001835,5afa27a9e31540f9b9f9ef5a,Capital One
BA001836,7ea6bd123b70de40d7614c35,Chase
BA001837,3f4210a501c33a240ac46363,TD Bank
BA001838,97f42bd5d63bfd73793ea069,PNC
BA001839,26d45d110a6f4f5fd37be3b5,PNC
BA001840,47e35e58ea5030dfcd6c5c53,TD Bank
BA001841,c625348a0c5c81b1138261d9,Capital One
BA001842,9d8d0cdaa8dce6cf8dcc4675,Wells Fargo
BA001843,804297cbe6bcb1b58f1cb319,Citibank
BA001844,bcfcd0ee9482e63d7ac99233,TD Bank
BA001845,c22b7dcb62da36dd87b708ff,Chase
BA001846,28baddd0565c62d44ae18240,Chase
BA001847,454031f83ae395e06fd08302,Citibank
BA001848,afd4bf120c9d4713d51303e4,PNC
BA001849,36e4e488603748c3781a5a3d,Citibank
BA001850,14bb073b53da0450a3fb46f0,Citibank
BA001851,b9ccde69aa7eb0d569e3846e,TD Bank
BA001852,4bd961f0732f484e9104de82,Chase
BA001853,0904aacb2434e06ee6cf9dbd,Citibank
BA001854,612d2ce277d6a3b05bb747ee,TD Bank
BA001855,17e6d6ac029af2ec74c2ee56,Citibank
BA001856,4132fe6864e5b46d293c3f36,Chase
BA001857,3ed5e3a674dc721fc6679d9d,Chase
BA001858,49e1467fe001b76265975249,Wells Fargo
BA001859,ccd35df4f5c3c52f466de70c,Capital One
BA001860,aac5f10690820b9b2a530ba7,Bank of America
BA001861,c5e261d203e25725a6247053,Chase
BA001862,600d25ac19791a0bd7d84f46,Bank of America
BA001863,8d12306723fbd5afb7e78757,Wells Fargo
BA001864,a366239467f1a5ec54b7fb37,Capital One
BA001865,ef14dfcea6ab7556428efd83,TD Bank
BA001866,3c950bde2b0e46ee343b7ac6,Capital One
BA001867,244670d522d31b787e3803b7,Capital One
BA001868,8ef9125e3fce4304571d69d5,TD Bank
BA001869,7c189842df29b0cbe515a7cf,Wells Fargo
BA001870,f0ae6fe30839b6d8109c689c,Citibank
BA001871,829d9f6f534a4c3695fb1627,Capital One
BA001872,4416a1c36296156d63941df3,Capital One
BA001873,0328e56de146192b7cb3d5c4,Wells Fargo
BA001874,082b16c3ed063d633e042532,Citibank
BA001875,fc0f9e928ee236643bdaf1ce,Capital One
BA001876,4f3e457895203bbb9d80ea2d,Capital One
BA001877,c3e20e0da5b5fa1cd9dfbc02,Citibank
BA001878,e870fdad40018f7f568e82e1,Chase
BA001879,58771f4d2e1580b4d29ea33c,PNC
BA001880,60c08d44608b6f452133189d,TD Bank
BA001881,58c7b679daed96f1e51e0399,Chase
BA001882,6fb6c118d110244f734aaa05,PNC
BA001883,f39aac74bbc1b0318d546435,TD Bank
BA001884,ca194e97dff0cf0ceab1cce8,TD Bank
BA001885,ca77e0c9f2837e83acf5da5f,PNC
BA001886,7ecf6708ea464311d1ff7f80,Capital One
BA001887,28ea620433ff28efc130cd2f,TD Bank
BA001888,2fde051ed979c8bf633fa72e,PNC
BA001889,5b695a4f4dfd0355d95ba944,Bank of America
BA001890,f24df1040a78160c8e337786,Citibank
BA001891,bc10fb825b2a1c343c8b540f,Citibank
BA001892,8ba6d81f4662820fa4514d7c,Bank of America
BA001893,4d5c3ce3d48f37d2ce02ea48,Citibank
BA001894,d1b310b925e3d1f7e8094bac,Wells Fargo
BA001895,73c4c17558c8d97916acb2e9,PNC
BA001896,2831dfe1e8e2715a45290b3d,Citibank
BA001897,be3639545de4009e1b345c7f,Citibank
BA001898,25d97429d33fcd24f1ff5fbe,Citibank
BA001899,d25b59930ff98ea395ee4755,TD Bank
BA001900,62ac26ac396ccfbb725b372c,Chase
BA001901,08ac19527177ad5dde13b616,Wells Fargo
BA001902,13ad3bdce9cd00adef80aaf1,Citibank
BA001903,68e5699e621d162ee35a9c07,Wells Fargo
BA001904,7564227e339517ff9e94faf3,TD Bank
BA001905,1aff2c87549c8be0895f1e67,Wells Fargo
BA001906,1a6bda20b5ab14b621c90a60,Wells Fargo
BA001907,90ca0fbc992f6f2437181563,Bank of America
BA001908,e0899752c510014a1af5685a,TD Bank
BA001909,0c90f2ae766c977ee26a2b15,Citibank
BA001910,4e3276d258f43cf61901e135,Chase
BA001911,232a35dda345a7685a880a8a,Chase
BA001912,8dc55600d57721399a42c064,PNC
BA001913,9beb62fa42136a7183ed6ea1,Chase
BA001914,fd0b287b95d5ccda214bcde4,Chase
BA001915,cdbb858ca2fd3449a6c9aa30,Citibank
BA001916,257ad0843d81bf83282b9cce,Chase
BA001917,4f5303622e1134c1d0dc9a3b,TD Bank
BA001918,53d1a38d5e230d93073fd13c,TD Bank
BA001919,e97a2927542c2f10533d4e74,Wells Fargo
BA001920,899c0184ac741c55401bd6d5,PNC
BA001921,fedc7d2b6fe0874ba3220cbf,Bank of America
BA001922,c035aecfdb8c3fad4ef38509,Capital One
BA001923,37982b78e3505eb294e1a2a6,Chase
BA001924,a36929d4294be27990b2e2eb,Capital One
BA001925,8dd02bffd7276e822fab2be2,Capital One
BA001926,ec06c607d39a23c2d9332f32,Capital One
BA001927,2bd2da02d26aab2b48a6b0cf,Wells Fargo
BA001928,a22a8545f5842d072da4fd00,TD Bank
BA001929,339eebc1be5d622940d27ae2,Chase
BA001930,c36965b40dc50dda19494a5f,Citibank
BA001931,bc096a5c7ad14b0751ca5d70,Wells Fargo
BA001932,a0aa321c6a1100f174bd6fb6,PNC
BA001933,2936e2f0d5cc858e03ed5b02,TD Bank
BA001934,ccb96c09924fb9a41182263e,PNC
BA001935,d01ad8334485122b06901cab,Citibank
BA001936,87276c1a299caf39593e25f5,PNC
BA001937,17b1b3bebbef038e6900061f,TD Bank
BA001938,fcf43a761fa0cbb1c23423cb,Chase
BA001939,95aafc0addfb2e58c738ddd2,Wells Fargo
BA001940,c20e580d4d2fa74cdb1685a4,Capital One
BA001941,24a6388dec3ec9530b7260d3,Wells Fargo
BA001942,f07a6f871bc427e6ce5cd0b9,Wells Fargo
BA001943,8f37d22fb831c696331cfe2d,Chase
BA001944,0c5ef670e3a6b020541000f3,Capital One
BA001945,c7ce5a71c1ebf6de98a3a581,Capital One
BA001946,354df61769ad5a447e3e989e,Bank of America
BA001947,119e7e37b494c08deb0b5a88,Bank of America
BA001948,4e90769b3276bb6d8c2f2bcc,TD Bank
BA001949,1ab37e497cdf43ab8ffcffbf,Citibank
BA001950,032d491d149534c11f52f16e,Bank of America
BA001951,e2f3d239fe9e748e9bb4a1a8,PNC
BA001952,6dbbb9dac222ae25a6c2915a,Chase
BA001953,e6e4687e82b4a9c36f888141,Wells Fargo
BA001954,53a63a467fc1b7cd77af8184,PNC
BA001955,4122c04dfd64ac9cf507cb20,Capital One
BA001956,5d6bfbfad6aee35e0b442071,Wells Fargo
BA001957,e56b500233d9a4d9c35c3184,Chase
BA001958,044d05dd288a88a060f145f0,PNC
BA001959,cf6263908a91a731695cbf5d,Wells Fargo
BA001960,7c51da216896e33dbeca8f30,Capital One
BA001961,ac9b9c5e2f310eb3b22a5987,Bank of America
BA001962,cf9407712ef5a4cc1a06c995,PNC
BA001963,3ddd3f9d7d164b673e57421d,Citibank
BA001964,b866916559b1875e48b905bc,PNC
BA001965,eef09dabd154b26b9cd3291d,Capital One
BA001966,7720f20ce30480c94652f641,PNC
BA001967,0bcc15e5c01d6ce171d0721a,PNC
BA001968,005c3a092ef48d8d5763e37b,Capital One
BA001969,dc42ccb779fe811b02abefd4,Capital One
BA001970,f1973e4d462a7554f985037d,TD Bank
BA001971,194d0b3b6a720ef63347a94f,TD Bank
BA001972,7cfe99175dfdc0223bbe6243,Capital One
BA001973,080089b5649a8112bd6d54ca,Chase
BA001974,a302a1db1680f490b3716909,Capital One
BA001975,c6cc870e068704b887bb6fbb,TD Bank
BA001976,7ec2dd3d53f86c2ef2b9f4e4,PNC
BA001977,bbf55c681330ccab7a7716ff,TD Bank
BA001978,c5c29e57d4c50ba2585205e5,Wells Fargo
BA001979,9a2e7b96aae6cd0ab9b59cd3,Chase
BA001980,ad310a3adb3f6b8395e8ceab,Bank of America
BA001981,03ccbf6d3c53caa96a5110b5,Wells Fargo
BA001982,7cc243dabbec3f6a9bc8e4df,TD Bank
BA001983,bdd3f4e3a69a7f585279b18d,PNC
BA001984,22597f452e6435957cf693ea,Wells Fargo
BA001985,79eb6bc69ac29ca349ee5e6b,Wells Fargo
BA001986,eda6950867d029dadade432b,Wells Fargo
BA001987,ac044a17f5de65f94a5d04f8,Chase
BA001988,dc9b21bef87a02ea6cc1fcb2,Bank of America
BA001989,ccf47b8dededb8a4135f64c0,PNC
BA001990,c886e073e8ee1b7a770ac673,Bank of America
BA001991,e54c860fe95456d5ff8f5a1f,Capital One
BA001992,a0e7aef77c966c3596ffcee6,TD Bank
BA001993,a8292211ad9ae659b0f730b7,Citibank
BA001994,8e61b4a14c669cc5d5648e23,Chase
BA001995,f98b38f2e33e84f5b5b4d938,Bank of America
BA001996,532d3b07d83bacddabeda2d9,TD Bank
BA001997,9982c53463b4c0fb686f76e7,TD Bank
BA001998,c7a53461e91e2ab859be3319,Chase
BA001999,88841d0dfb3d86848abf426f,Chase
BA002000,83df595e8c6597e5b87dcb4a,TD Bank
BA002001,d7e887ec5b7b97c11e29d45d,Capital One
BA002002,db02181723a4d1bc98b34d6f,Bank of America
BA002003,58d5f0a4fbe44ff114a92f52,Citibank
BA002004,e1e79bcec04af77cd469fcd9,Citibank
BA002005,64b04a1175a8dc1bb8393ff4,Citibank
BA002006,6304d190a16586e6343645f1,Wells Fargo
BA002007,dc9b9d473202f9a5eeaaa460,Bank of America
BA002008,04d84eeb2d9f06ebcef27a96,Wells Fargo
BA002009,0c26bea73e8206d94a3e38d3,Wells Fargo
BA002010,6983238ad0c55be26a469d2a,TD Bank
BA002011,c24e2073af204b2883d4b1cb,Wells Fargo
BA002012,ccc29c362273f6745844c62f,PNC
BA002013,c38575473101955633d1e131,Capital One
BA002014,da560ed21d5184dc5b626030,Capital One
BA002015,13d7e3f1661fb7819ef1dfd7,Chase
BA002016,6d0b32569cf3151043f53605,Chase
BA002017,444f2c86933ff308670d0be9,Bank of America
BA002018,a33e0a1e39b927296f48c239,Bank of America
BA002019,dca49d44104214acfe0174ab,PNC
BA002020,3b80dafd95851b0c5a3fd52b,Capital One
BA002021,dd4e697fcfdbc00c9a3eb679,Chase
BA002022,a6a60ab94fbe0f3ccdc9c6ab,TD Bank
BA002023,ba62a00d266d8fdee7d42b88,Chase
BA002024,426900044c8e70c3f83c415b,Wells Fargo
BA002025,c8bc5532a9781a3817e68dc0,Citibank
BA002026,e8da124aad393a329b756376,TD Bank
BA002027,6c10185212a4b2cba74d4ecd,Citibank
BA002028,133c9cd87a025c7b46ac0372,Citibank
BA002029,fe217acc5ca9074ccb5a203b,Capital One
BA002030,4504dafe9ce11f3120dcf271,Citibank
BA002031,97da6380c5e92995ee7fc93a,Citibank
BA002032,1e5f2da93896a061efe849df,Wells Fargo
BA002033,54af927b727217e15d659b85,Bank of America
BA002034,dcbb82bac04c43a6e7385b59,PNC
BA002035,59aabbba6a72a6bf3fa001c6,Capital One
BA002036,3f41fc0344ba633ea9ba4a80,Chase
BA002037,38850ed44fccbe0a6feb4bfa,Wells Fargo
BA002038,0cfc37418c50db796be72402,Citibank
BA002039,f458d1636c974073b945c752,Chase
BA002040,30385344379a1b62da090aca,Wells Fargo
BA002041,4571c05a155a63dda029aca9,TD Bank
BA002042,7bfbdeb78df5b262244d9221,TD Bank
BA002043,6b3b6f83a66f5cce6915dce5,Capital One
BA002044,8d43153d83527b662f529318,Citibank
BA002045,88713a29acd441cf8a8002f8,Capital One
BA002046,350c485b54164f3fdf25b6a1,TD Bank
BA002047,cbc0263d5d620e75d22823f6,Wells Fargo
BA002048,27f869c6054e9ff823155876,Chase
BA002049,27e2c2df18fd273ca5367932,Bank of America
BA002050,45c53c490644b24f0bee410b,Citibank
BA002051,58575609102b8dff02ca67d7,Capital One
BA002052,9089ad5b172f7d3cea0ce313,Chase
BA002053,41755b55fa1d5afc6ccd84ea,Chase
BA002054,e2c33d268f997281f07e438d,Bank of America
BA002055,80e0861136b000932837587d,Wells Fargo
BA002056,a4b44d8f6f6c86aff3e3294c,Bank of America
BA002057,f8398f28906f4390a0fd46c2,PNC
BA002058,11b88ae49752d8ad17a9d689,Bank of America
BA002059,3217a31849fa22d76171cefc,PNC
BA002060,ecebff5c802d4f43db4a63f5,Wells Fargo
BA002061,a2638f67637e3e6c30c03f61,Wells Fargo
BA002062,ffb0f62c8c3045e83497f308,Wells Fargo
BA002063,b0d901b7ae38a8d888a5ecb5,Chase
BA002064,d28406b2ae8bd1cba5f5d689,Chase
BA002065,02d31b7b43ee129af01a6179,Citibank
BA002066,ddb3a825a513d6792080d878,TD Bank
BA002067,3b86d8c6bf74a820101a5189,Citibank
BA002068,4b8a3d719afefca47d5a51f6,Bank of America
BA002069,63d2c1b85ba64c8ac1915954,Bank of America
BA002070,820350e1f13c6e4b406e286d,Citibank
BA002071,24384327ba34b5fe19a16196,Capital One
BA002072,1dac4a39ec3fc6a9353b43a9,TD Bank
BA002073,8fd86fb662586face23cfa8b,Bank of America
BA002074,bb0665d57388723fc112bf8c,Capital One
BA002075,a5a640af11102f7d4c20f349,Capital One
BA002076,2ddd0ade894a574516d038b9,PNC
BA002077,f9162f39d8f44175fecd2d7b,TD Bank
BA002078,114891bd45c3ad6aba84c0da,PNC
BA002079,469e4acb8ec158df93cc8802,Wells Fargo
BA002080,6a10ebd99d3304d08c01d22d,Chase
BA002081,dff8e0e273a2e18e11a29d93,Citibank
BA002082,2a496ab77aa0399e849a5bf3,PNC
BA002083,359f617935dcd2b839c74c2e,TD Bank
BA002084,ade97e5fb8979d196f9f439a,Chase
BA002085,1b4e46e944a9fa15890268a5,Citibank
BA002086,86dff422a0e940df96dc5e66,Chase
BA002087,f2496c51af680b3d1ba7fba4,Citibank
BA002088,96d5f8bcd9524198248ccdef,Chase
BA002089,09e8c7179f7692b7d75251be,PNC
BA002090,5e85b09bb48d7ce8f0f577d2,Wells Fargo
BA002091,e9559b9581a8bc096beaf4a5,Capital One
BA002092,2eebc7dc0587743b3850fcf8,Citibank
BA002093,22885aa2fc92b266cbe121bb,Capital One
BA002094,09252c1d97cef9ab97959b08,Citibank
BA002095,93d5cb3bf73adcde118b22b7,TD Bank
BA002096,1d6e0ff095c6b9c90ad2f350,TD Bank
BA002097,d74c50722aa6e2b7e7b5147c,Citibank
BA002098,9c6751990ce37cdc2d9730ad,Wells Fargo
BA002099,6c02611a4a26cc6150f8b625,Chase
BA002100,94cbeb34ab858218101ce37f,Citibank
BA002101,5c297e5d10e6622c3cacd049,Chase
BA002102,ca93faad7e60c74207077988,Wells Fargo
BA002103,8dbc27560f2034bd07a55257,Bank of America
BA002104,aef8193fb95b5efdd62c7e50,PNC
BA002105,795c1e06becececbd58845c2,Capital One
BA002106,203fe7c14b75dfd9a77971ac,Citibank
BA002107,bb307ce8d388a414eb8d8abe,PNC
BA002108,6fa3225bde699a1bddf710c6,TD Bank
BA002109,f5fcd47acf26e47207de2dcc,Wells Fargo
BA002110,d3dd5a3633cd2b697fcbaa88,Chase
BA002111,a9266854b5709aeb2d86d938,Citibank
BA002112,e83e91385ccfe35be45b8f68,PNC
BA002113,1a8a29313b881b315c05d0d6,Chase
BA002114,f4ac5229dd25d05b25aeef17,Bank of America
BA002115,555c6168deb64788d8cd43d0,Citibank
BA002116,888592748cdc517b7100c8bd,Capital One
BA002117,b3d47ea5acb0c9c8d846b6c5,Citibank
BA002118,3a637e0486da0b393ea8dd3b,Capital One
BA002119,cbcfd724df1fa4cd1b3995c3,Chase
BA002120,0c129ada00f347a82b8e5f07,Citibank
BA002121,33ee7e1ec160a8a16d2c09ac,PNC
BA002122,2bcedc37bfe98a3d49abfdea,Wells Fargo
BA002123,277d7e00bd831367109bee42,TD Bank
BA002124,cdd8ee5d2fa458ea7d35c0df,Wells Fargo
BA002125,b84c886f349d6ab64e2f6d76,Bank of America
BA002126,e8a940163231e86800083cc6,Wells Fargo
BA002127,c45ce6fb69a53543429a1565,PNC
BA002128,4bdc3bad050f854781abad18,Bank of America
BA002129,4d756c9f3103447f5f36430c,Chase
BA002130,be46ed5bdeb67b816669d7d1,Capital One
BA002131,68817c4e4242cc0c45f3bbd3,TD Bank
BA002132,d9476ef44169ee21fbfa5e73,Chase
BA002133,5869730599c9e2fa12f19b14,Capital One
BA002134,14822877564d11a4ae61bc2b,Capital One
BA002135,83e4053c74bf4629ea4fc6c8,Bank of America
BA002136,3fca527c1982c80575922100,PNC
BA002137,7f2a5302ae004e42f8fe5e6a,Wells Fargo
BA002138,81cf4c1443294789981201d3,Wells Fargo
BA002139,a936abe8f5250c2745d96da5,TD Bank
BA002140,33589ae36facbe862c25443f,PNC
BA002141,ed2cf5ab5a12c6100977e4c1,TD Bank
BA002142,c90ef51ca6cbc483a6e0e907,PNC
BA002143,7b9169511957da7997aa56e2,Bank of America
BA002144,0b44700aa9c60cb5fca15b50,Bank of America
BA002145,c2cbdf3b07e403fcb47cf6b5,Chase
BA002146,b0da365016b29767d6e63307,Bank of America
BA002147,06e7a0505302c8db9e242ebc,Wells Fargo
BA002148,e301a74ad03dc3cf372bb527,Bank of America
BA002149,9ac75d60f6ed07b91da8636d,Bank of America
BA002150,11fdd03fa66ad21f203f39f2,Capital One
BA002151,2e18d2fbb1ee82a1edb21529,Bank of America
BA002152,14713ca33b23f8f9a448a1d7,PNC
BA002153,8bd4cc80d82ad32d1ab409f1,PNC
BA002154,dea9a4acc97b48a86b2bb2c2,TD Bank
BA002155,2dc41cd007c487bf640c65ef,Chase
BA002156,a230db84d65f6ca6d3cc5648,Bank of America
BA002157,4c58ac4288b170d288ff86a1,PNC
BA002158,1328838d530d49329505530c,TD Bank
BA002159,b94274911c185624b88955a0,Citibank
BA002160,4cd2c65e4a8f643fe4a1152b,Citibank
BA002161,cbc54b36c4781ff2484b2b67,PNC
BA002162,abdb4e3ede55d6c99531937a,Capital One
BA002163,87f4a7f2df50d2e4abde37e5,PNC
BA002164,c9ba1454e9a124f68398d83c,Capital One
BA002165,a3599b7762bfb8f9c50b2ef4,Citibank
BA002166,feb6e428a035a7f9d8177418,TD Bank
BA002167,7c2943797e5b89e90b761518,Capital One
BA002168,59700bd813dd0121ccf88a19,TD Bank
BA002169,b4fa4d59e6f999c937a7abba,TD Bank
BA002170,a108dd4040d9950a3d31ef12,Capital One
BA002171,29196c42253a26c113d1c763,Wells Fargo
BA002172,b5f381884c85872c377bfedf,PNC
BA002173,425da3e823545efd1c6acf58,TD Bank
BA002174,6329271b3b7fef9caf58d433,Wells Fargo
BA002175,3fb4245059ea8f038e883f19,Bank of America
BA002176,4f934050863a04d019915348,Citibank
BA002177,a3b17d8afa755a47a892c6d9,Chase
BA002178,a9632dd9a2386c93cb8d8c52,Citibank
BA002179,2041bb6a3279854bdbfad7e6,Citibank
BA002180,1dc1c02151d6654235cf95c0,TD Bank
BA002181,0b51f8dde3b1b152ce462800,Wells Fargo
BA002182,b7b2e439ea5f72c44afd0b9a,PNC
BA002183,a98deb97e46d5fe112a28e3a,Wells Fargo
BA002184,74d9bb823907a188d3a5cd98,Capital One
BA002185,57267c2e02db9eea157981d2,Chase
BA002186,3ad4b833daac216c4bf1f1d8,Wells Fargo
BA002187,8efadfed6446d5713c52a83d,Capital One
BA002188,771a4a010766f031dc9f4d2b,Chase
BA002189,68c1b073afc8f5cb126ce9d9,Wells Fargo
BA002190,27f5af369e19d5309466478a,Citibank
BA002191,a674a0ad06696637ea06caa0,Citibank
BA002192,1d316db5e89eca9353b5ee40,Chase
BA002193,5992f585b748e51403f07961,Chase
BA002194,89a7195042589ed8bdadd3eb,Wells Fargo
BA002195,59cce8ef8f8d285632ca1c1d,PNC
BA002196,75b18e99bd47131d9d3cfe5d,Wells Fargo
BA002197,47547fd93d9eb2aefcae8b3b,Chase
BA002198,73d31e830df2c038a5a65b25,TD Bank
BA002199,99a9aa30153ff02ffe288f1e,PNC
